FIPStxt,States,Area_name,POVALL_2019
01001,AL,Autauga County,"6,723"
01003,AL,Baldwin County,"22,360"
01005,AL,Barbour County,"5,909"
01007,AL,Bibb County,"4,101"
01009,AL,Blount County,"9,324"
01011,AL,Bullock County,"2,537"
01013,AL,Butler County,"4,124"
01015,AL,Calhoun County,"18,988"
01017,AL,Chambers County,"6,415"
01019,AL,Cherokee County,"4,121"
01021,AL,Chilton County,"7,044"
01023,AL,Choctaw County,"2,811"
01025,AL,Clarke County,"4,281"
01027,AL,Clay County,"2,156"
01029,AL,Cleburne County,"1,945"
01031,AL,Coffee County,"7,734"
01033,AL,Colbert County,"7,998"
01035,AL,Conecuh County,"2,662"
01037,AL,Coosa County,"1,789"
01039,AL,Covington County,"6,269"
01041,AL,Crenshaw County,"2,289"
01043,AL,Cullman County,"10,088"
01045,AL,Dale County,"8,727"
01047,AL,Dallas County,"9,533"
01049,AL,DeKalb County,"12,848"
01051,AL,Elmore County,"8,753"
01053,AL,Escambia County,"6,980"
01055,AL,Etowah County,"18,801"
01057,AL,Fayette County,"2,721"
01059,AL,Franklin County,"4,989"
01061,AL,Geneva County,"4,180"
01063,AL,Greene County,"2,553"
01065,AL,Hale County,"2,956"
01067,AL,Henry County,"2,919"
01069,AL,Houston County,"20,207"
01071,AL,Jackson County,"7,481"
01073,AL,Jefferson County,"104,288"
01075,AL,Lamar County,"2,070"
01077,AL,Lauderdale County,"14,193"
01079,AL,Lawrence County,"5,773"
01081,AL,Lee County,"24,731"
01083,AL,Limestone County,"11,535"
01085,AL,Lowndes County,"2,555"
01087,AL,Macon County,"4,817"
01089,AL,Madison County,"41,789"
01091,AL,Marengo County,"4,601"
01093,AL,Marion County,"4,883"
01095,AL,Marshall County,"14,989"
01097,AL,Mobile County,"71,784"
01099,AL,Monroe County,"4,770"
01101,AL,Montgomery County,"34,268"
01103,AL,Morgan County,"16,146"
01105,AL,Perry County,"2,778"
01107,AL,Pickens County,"4,380"
01109,AL,Pike County,"6,742"
01111,AL,Randolph County,"3,906"
01113,AL,Russell County,"10,823"
01115,AL,St. Clair County,"9,780"
01117,AL,Shelby County,"13,428"
01119,AL,Sumter County,"4,195"
01121,AL,Talladega County,"13,326"
01123,AL,Tallapoosa County,"6,341"
01125,AL,Tuscaloosa County,"32,226"
01127,AL,Walker County,"10,837"
01129,AL,Washington County,"2,998"
01131,AL,Wilcox County,"3,329"
01133,AL,Winston County,"3,882"
02013,AK,Aleutians East Borough,492
02016,AK,Aleutians West Census Area,414
02020,AK,Anchorage Borough,"26,636"
02050,AK,Bethel Census Area,"4,249"
02060,AK,Bristol Bay Borough,80
02068,AK,Denali Borough,132
02070,AK,Dillingham Census Area,883
02090,AK,Fairbanks North Star Borough,"6,656"
02100,AK,Haines Borough,247
02105,AK,Hoonah-Angoon Census Area,336
02110,AK,Juneau Borough,"1,951"
02122,AK,Kenai Peninsula Borough,"5,966"
02130,AK,Ketchikan Gateway Borough,"1,283"
02150,AK,Kodiak Island Borough,909
02158,AK,Kusilvak Census Area,"2,217"
02164,AK,Lake and Peninsula Borough,275
02170,AK,Matanuska-Susitna Borough,"10,142"
02180,AK,Nome Census Area,"2,033"
02185,AK,North Slope Borough,"1,109"
02188,AK,Northwest Arctic Borough,"1,805"
02195,AK,Petersburg Borough,219
02198,AK,Prince of Wales-Hyder Census Area,"1,085"
02220,AK,Sitka Borough,672
02230,AK,Skagway Municipality,47
02240,AK,Southeast Fairbanks Census Area,823
02261,AK,Valdez-Cordova Census Area,781
02275,AK,Wrangell City and Borough,240
02282,AK,Yakutat Borough,85
02290,AK,Yukon-Koyukuk Census Area,"1,266"
04001,AZ,Apache County,"23,680"
04003,AZ,Cochise County,"20,172"
04005,AZ,Coconino County,"20,817"
04007,AZ,Gila County,"11,219"
04009,AZ,Graham County,"7,207"
04011,AZ,Greenlee County,876
04012,AZ,La Paz County,"4,593"
04013,AZ,Maricopa County,"539,670"
04015,AZ,Mohave County,"33,183"
04017,AZ,Navajo County,"27,440"
04019,AZ,Pima County,"142,859"
04021,AZ,Pinal County,"52,975"
04023,AZ,Santa Cruz County,"8,688"
04025,AZ,Yavapai County,"27,845"
04027,AZ,Yuma County,"41,782"
05001,AR,Arkansas County,"2,714"
05003,AR,Ashley County,"3,603"
05005,AR,Baxter County,"5,248"
05007,AR,Benton County,"24,525"
05009,AR,Boone County,"5,572"
05011,AR,Bradley County,"2,426"
05013,AR,Calhoun County,771
05015,AR,Carroll County,"4,118"
05017,AR,Chicot County,"2,900"
05019,AR,Clark County,"3,971"
05021,AR,Clay County,"2,691"
05023,AR,Cleburne County,"3,452"
05025,AR,Cleveland County,"1,080"
05027,AR,Columbia County,"4,509"
05029,AR,Conway County,"3,215"
05031,AR,Craighead County,"17,960"
05033,AR,Crawford County,"11,436"
05035,AR,Crittenden County,"10,520"
05037,AR,Cross County,"2,874"
05039,AR,Dallas County,"1,241"
05041,AR,Desha County,"2,859"
05043,AR,Drew County,"3,191"
05045,AR,Faulkner County,"17,459"
05047,AR,Franklin County,"2,830"
05049,AR,Fulton County,"2,169"
05051,AR,Garland County,"16,532"
05053,AR,Grant County,"2,189"
05055,AR,Greene County,"6,925"
05057,AR,Hempstead County,"3,930"
05059,AR,Hot Spring County,"6,322"
05061,AR,Howard County,"2,176"
05063,AR,Independence County,"5,852"
05065,AR,Izard County,"2,003"
05067,AR,Jackson County,"3,313"
05069,AR,Jefferson County,"14,942"
05071,AR,Johnson County,"4,521"
05073,AR,Lafayette County,"1,655"
05075,AR,Lawrence County,"2,887"
05077,AR,Lee County,"2,515"
05079,AR,Lincoln County,"2,567"
05081,AR,Little River County,"2,157"
05083,AR,Logan County,"3,640"
05085,AR,Lonoke County,"7,760"
05087,AR,Madison County,"2,699"
05089,AR,Marion County,"2,687"
05091,AR,Miller County,"5,909"
05093,AR,Mississippi County,"9,128"
05095,AR,Monroe County,"1,681"
05097,AR,Montgomery County,"1,756"
05099,AR,Nevada County,"1,951"
05101,AR,Newton County,"1,386"
05103,AR,Ouachita County,"3,969"
05105,AR,Perry County,"1,710"
05107,AR,Phillips County,"5,841"
05109,AR,Pike County,"1,769"
05111,AR,Poinsett County,"5,339"
05113,AR,Polk County,"3,991"
05115,AR,Pope County,"10,218"
05117,AR,Prairie County,"1,190"
05119,AR,Pulaski County,"56,020"
05121,AR,Randolph County,"3,036"
05123,AR,St. Francis County,"6,679"
05125,AR,Saline County,"11,665"
05127,AR,Scott County,"1,983"
05129,AR,Searcy County,"1,740"
05131,AR,Sebastian County,"19,923"
05133,AR,Sevier County,"2,962"
05135,AR,Sharp County,"4,007"
05137,AR,Stone County,"2,378"
05139,AR,Union County,"7,216"
05141,AR,Van Buren County,"3,235"
05143,AR,Washington County,"34,731"
05145,AR,White County,"11,613"
05147,AR,Woodruff County,"1,678"
05149,AR,Yell County,"3,265"
06001,CA,Alameda County,"146,315"
06003,CA,Alpine County,193
06005,CA,Amador County,"3,462"
06007,CA,Butte County,"34,503"
06009,CA,Calaveras County,"5,477"
06011,CA,Colusa County,"2,554"
06013,CA,Contra Costa County,"90,482"
06015,CA,Del Norte County,"4,445"
06017,CA,El Dorado County,"16,649"
06019,CA,Fresno County,"200,873"
06021,CA,Glenn County,"3,397"
06023,CA,Humboldt County,"25,136"
06025,CA,Imperial County,"38,020"
06027,CA,Inyo County,"2,071"
06029,CA,Kern County,"164,817"
06031,CA,Kings County,"21,840"
06033,CA,Lake County,"11,622"
06035,CA,Lassen County,"3,789"
06037,CA,Los Angeles County,"1,319,242"
06039,CA,Madera County,"26,309"
06041,CA,Marin County,"17,357"
06043,CA,Mariposa County,"2,565"
06045,CA,Mendocino County,"11,980"
06047,CA,Merced County,"46,011"
06049,CA,Modoc County,"1,757"
06051,CA,Mono County,"1,437"
06053,CA,Monterey County,"52,484"
06055,CA,Napa County,"9,897"
06057,CA,Nevada County,"9,268"
06059,CA,Orange County,"297,658"
06061,CA,Placer County,"26,170"
06063,CA,Plumas County,"2,432"
06065,CA,Riverside County,"274,953"
06067,CA,Sacramento County,"192,993"
06069,CA,San Benito County,"6,518"
06071,CA,San Bernardino County,"284,359"
06073,CA,San Diego County,"335,034"
06075,CA,San Francisco County,"82,616"
06077,CA,San Joaquin County,"101,772"
06079,CA,San Luis Obispo County,"31,180"
06081,CA,San Mateo County,"46,328"
06083,CA,Santa Barbara County,"51,298"
06085,CA,Santa Clara County,"116,401"
06087,CA,Santa Cruz County,"27,531"
06089,CA,Shasta County,"23,508"
06091,CA,Sierra County,375
06093,CA,Siskiyou County,"7,484"
06095,CA,Solano County,"39,018"
06097,CA,Sonoma County,"34,758"
06099,CA,Stanislaus County,"70,741"
06101,CA,Sutter County,"12,310"
06103,CA,Tehama County,"10,484"
06105,CA,Trinity County,"1,986"
06107,CA,Tulare County,"86,940"
06109,CA,Tuolumne County,"5,781"
06111,CA,Ventura County,"68,482"
06113,CA,Yolo County,"35,608"
06115,CA,Yuba County,"11,748"
08001,CO,Adams County,"47,464"
08003,CO,Alamosa County,"3,019"
08005,CO,Arapahoe County,"47,072"
08007,CO,Archuleta County,"1,502"
08009,CO,Baca County,675
08011,CO,Bent County,"1,354"
08013,CO,Boulder County,"33,965"
08014,CO,Broomfield County,"2,865"
08015,CO,Chaffee County,"2,070"
08017,CO,Cheyenne County,243
08019,CO,Clear Creek County,709
08021,CO,Conejos County,"1,624"
08023,CO,Costilla County,955
08025,CO,Crowley County,"1,249"
08027,CO,Custer County,577
08029,CO,Delta County,"4,602"
08031,CO,Denver County,"86,020"
08033,CO,Dolores County,262
08035,CO,Douglas County,"9,622"
08037,CO,Eagle County,"4,365"
08039,CO,Elbert County,"1,514"
08041,CO,El Paso County,"61,692"
08043,CO,Fremont County,"6,361"
08045,CO,Garfield County,"5,694"
08047,CO,Gilpin County,421
08049,CO,Grand County,"1,271"
08051,CO,Gunnison County,"1,920"
08053,CO,Hinsdale County,72
08055,CO,Huerfano County,"1,349"
08057,CO,Jackson County,175
08059,CO,Jefferson County,"41,258"
08061,CO,Kiowa County,188
08063,CO,Kit Carson County,927
08065,CO,Lake County,913
08067,CO,La Plata County,"6,127"
08069,CO,Larimer County,"35,894"
08071,CO,Las Animas County,"2,407"
08073,CO,Lincoln County,793
08075,CO,Logan County,"2,389"
08077,CO,Mesa County,"16,840"
08079,CO,Mineral County,72
08081,CO,Moffat County,"1,611"
08083,CO,Montezuma County,"3,856"
08085,CO,Montrose County,"5,565"
08087,CO,Morgan County,"3,386"
08089,CO,Otero County,"4,297"
08091,CO,Ouray County,342
08093,CO,Park County,"1,602"
08095,CO,Phillips County,435
08097,CO,Pitkin County,"1,099"
08099,CO,Prowers County,"2,159"
08101,CO,Pueblo County,"29,187"
08103,CO,Rio Blanco County,624
08105,CO,Rio Grande County,"1,591"
08107,CO,Routt County,"1,820"
08109,CO,Saguache County,"1,726"
08111,CO,San Juan County,99
08113,CO,San Miguel County,804
08115,CO,Sedgwick County,323
08117,CO,Summit County,"1,963"
08119,CO,Teller County,"1,990"
08121,CO,Washington County,556
08123,CO,Weld County,"26,547"
08125,CO,Yuma County,"1,255"
09001,CT,Fairfield County,"83,047"
09003,CT,Hartford County,"93,694"
09005,CT,Litchfield County,"12,741"
09007,CT,Middlesex County,"11,024"
09009,CT,New Haven County,"99,423"
09011,CT,New London County,"19,739"
09013,CT,Tolland County,"10,559"
09015,CT,Windham County,"12,874"
10001,DE,Kent County,"22,195"
10003,DE,New Castle County,"56,289"
10005,DE,Sussex County,"27,742"
11000,DC,District of Columbia,"94,985"
11001,DC,District of Columbia,"94,985"
12001,FL,Alachua County,"46,916"
12003,FL,Baker County,"3,914"
12005,FL,Bay County,"20,643"
12007,FL,Bradford County,"5,011"
12009,FL,Brevard County,"55,578"
12011,FL,Broward County,"237,486"
12013,FL,Calhoun County,"2,508"
12015,FL,Charlotte County,"21,188"
12017,FL,Citrus County,"22,291"
12019,FL,Clay County,"18,095"
12021,FL,Collier County,"35,928"
12023,FL,Columbia County,"10,338"
12027,FL,DeSoto County,"7,626"
12029,FL,Dixie County,"3,338"
12031,FL,Duval County,"126,963"
12033,FL,Escambia County,"46,519"
12035,FL,Flagler County,"11,049"
12037,FL,Franklin County,"1,995"
12039,FL,Gadsden County,"8,472"
12041,FL,Gilchrist County,"2,601"
12043,FL,Glades County,"2,377"
12045,FL,Gulf County,"1,848"
12047,FL,Hamilton County,"3,794"
12049,FL,Hardee County,"5,614"
12051,FL,Hendry County,"8,086"
12053,FL,Hernando County,"23,779"
12055,FL,Highlands County,"16,519"
12057,FL,Hillsborough County,"195,684"
12059,FL,Holmes County,"3,587"
12061,FL,Indian River County,"18,179"
12063,FL,Jackson County,"7,769"
12065,FL,Jefferson County,"2,276"
12067,FL,Lafayette County,"1,289"
12069,FL,Lake County,"39,419"
12071,FL,Lee County,"85,295"
12073,FL,Leon County,"58,203"
12075,FL,Levy County,"7,458"
12077,FL,Liberty County,"1,453"
12079,FL,Madison County,"3,732"
12081,FL,Manatee County,"44,991"
12083,FL,Marion County,"52,950"
12085,FL,Martin County,"14,000"
12086,FL,Miami-Dade County,"419,056"
12087,FL,Monroe County,"7,239"
12089,FL,Nassau County,"7,951"
12091,FL,Okaloosa County,"21,866"
12093,FL,Okeechobee County,"7,189"
12095,FL,Orange County,"171,599"
12097,FL,Osceola County,"49,803"
12099,FL,Palm Beach County,"168,026"
12101,FL,Pasco County,"61,716"
12103,FL,Pinellas County,"108,948"
12105,FL,Polk County,"99,590"
12107,FL,Putnam County,"16,318"
12109,FL,St. Johns County,"16,829"
12111,FL,St. Lucie County,"34,008"
12113,FL,Santa Rosa County,"17,435"
12115,FL,Sarasota County,"33,144"
12117,FL,Seminole County,"43,741"
12119,FL,Sumter County,"11,078"
12121,FL,Suwannee County,"7,144"
12123,FL,Taylor County,"3,792"
12125,FL,Union County,"2,065"
12127,FL,Volusia County,"70,554"
12129,FL,Wakulla County,"3,651"
12131,FL,Walton County,"7,740"
12133,FL,Washington County,"4,587"
13001,GA,Appling County,"3,737"
13003,GA,Atkinson County,"1,887"
13005,GA,Bacon County,"2,080"
13007,GA,Baker County,749
13009,GA,Baldwin County,"8,934"
13011,GA,Banks County,"2,454"
13013,GA,Barrow County,"8,021"
13015,GA,Bartow County,"13,243"
13017,GA,Ben Hill County,"3,738"
13019,GA,Berrien County,"3,843"
13021,GA,Bibb County,"33,912"
13023,GA,Bleckley County,"2,112"
13025,GA,Brantley County,"3,056"
13027,GA,Brooks County,"3,372"
13029,GA,Bryan County,"3,073"
13031,GA,Bulloch County,"15,945"
13033,GA,Burke County,"5,197"
13035,GA,Butts County,"3,217"
13037,GA,Calhoun County,"1,608"
13039,GA,Camden County,"7,219"
13043,GA,Candler County,"2,427"
13045,GA,Carroll County,"17,148"
13047,GA,Catoosa County,"6,704"
13049,GA,Charlton County,"2,804"
13051,GA,Chatham County,"40,565"
13053,GA,Chattahoochee County,"1,547"
13055,GA,Chattooga County,"4,085"
13057,GA,Cherokee County,"16,725"
13059,GA,Clarke County,"30,277"
13061,GA,Clay County,797
13063,GA,Clayton County,"45,655"
13065,GA,Clinch County,"1,435"
13067,GA,Cobb County,"62,275"
13069,GA,Coffee County,"8,048"
13071,GA,Colquitt County,"9,738"
13073,GA,Columbia County,"8,747"
13075,GA,Cook County,"3,654"
13077,GA,Coweta County,"13,318"
13079,GA,Crawford County,"1,875"
13081,GA,Crisp County,"5,830"
13083,GA,Dade County,"2,038"
13085,GA,Dawson County,"2,267"
13087,GA,Decatur County,"5,915"
13089,GA,DeKalb County,"95,805"
13091,GA,Dodge County,"3,853"
13093,GA,Dooly County,"3,236"
13095,GA,Dougherty County,"23,192"
13097,GA,Douglas County,"15,842"
13099,GA,Early County,"2,733"
13101,GA,Echols County,861
13103,GA,Effingham County,"5,784"
13105,GA,Elbert County,"3,897"
13107,GA,Emanuel County,"4,441"
13109,GA,Evans County,"2,459"
13111,GA,Fannin County,"3,144"
13113,GA,Fayette County,"6,105"
13115,GA,Floyd County,"15,537"
13117,GA,Forsyth County,"11,024"
13119,GA,Franklin County,"3,887"
13121,GA,Fulton County,"141,979"
13123,GA,Gilmer County,"4,543"
13125,GA,Glascock County,486
13127,GA,Glynn County,"12,943"
13129,GA,Gordon County,"7,001"
13131,GA,Grady County,"5,276"
13133,GA,Greene County,"2,709"
13135,GA,Gwinnett County,"85,810"
13137,GA,Habersham County,"6,515"
13139,GA,Hall County,"27,137"
13141,GA,Hancock County,"2,225"
13143,GA,Haralson County,"4,223"
13145,GA,Harris County,"2,270"
13147,GA,Hart County,"3,717"
13149,GA,Heard County,"1,958"
13151,GA,Henry County,"18,819"
13153,GA,Houston County,"17,079"
13155,GA,Irwin County,"1,699"
13157,GA,Jackson County,"7,418"
13159,GA,Jasper County,"1,748"
13161,GA,Jeff Davis County,"3,169"
13163,GA,Jefferson County,"3,710"
13165,GA,Jenkins County,"2,162"
13167,GA,Johnson County,"1,931"
13169,GA,Jones County,"3,629"
13171,GA,Lamar County,"2,641"
13173,GA,Lanier County,"1,871"
13175,GA,Laurens County,"11,049"
13177,GA,Lee County,"2,715"
13179,GA,Liberty County,"8,680"
13181,GA,Lincoln County,"1,357"
13183,GA,Long County,"2,726"
13185,GA,Lowndes County,"22,685"
13187,GA,Lumpkin County,"4,432"
13189,GA,McDuffie County,"3,792"
13191,GA,McIntosh County,"2,671"
13193,GA,Macon County,"3,249"
13195,GA,Madison County,"4,608"
13197,GA,Marion County,"1,745"
13199,GA,Meriwether County,"4,634"
13201,GA,Miller County,"1,193"
13205,GA,Mitchell County,"6,048"
13207,GA,Monroe County,"2,787"
13209,GA,Montgomery County,"1,619"
13211,GA,Morgan County,"2,109"
13213,GA,Murray County,"5,755"
13215,GA,Muscogee County,"34,694"
13217,GA,Newton County,"12,348"
13219,GA,Oconee County,"2,236"
13221,GA,Oglethorpe County,"1,922"
13223,GA,Paulding County,"11,461"
13225,GA,Peach County,"5,203"
13227,GA,Pickens County,"3,327"
13229,GA,Pierce County,"3,157"
13231,GA,Pike County,"1,615"
13233,GA,Polk County,"6,816"
13235,GA,Pulaski County,"2,048"
13237,GA,Putnam County,"3,316"
13239,GA,Quitman County,523
13241,GA,Rabun County,"2,181"
13243,GA,Randolph County,"1,635"
13245,GA,Richmond County,"41,081"
13247,GA,Rockdale County,"10,873"
13249,GA,Schley County,834
13251,GA,Screven County,"3,239"
13253,GA,Seminole County,"1,808"
13255,GA,Spalding County,"11,537"
13257,GA,Stephens County,"3,794"
13259,GA,Stewart County,"1,702"
13261,GA,Sumter County,"7,420"
13263,GA,Talbot County,"1,210"
13265,GA,Taliaferro County,345
13267,GA,Tattnall County,"5,507"
13269,GA,Taylor County,"1,810"
13271,GA,Telfair County,"3,516"
13273,GA,Terrell County,"2,325"
13275,GA,Thomas County,"7,894"
13277,GA,Tift County,"8,380"
13279,GA,Toombs County,"5,086"
13281,GA,Towns County,"1,376"
13283,GA,Treutlen County,"2,043"
13285,GA,Troup County,"13,009"
13287,GA,Turner County,"2,132"
13289,GA,Twiggs County,"1,522"
13291,GA,Union County,"2,800"
13293,GA,Upson County,"4,932"
13295,GA,Walker County,"10,034"
13297,GA,Walton County,"10,070"
13299,GA,Ware County,"8,742"
13301,GA,Warren County,"1,372"
13303,GA,Washington County,"3,940"
13305,GA,Wayne County,"5,116"
13307,GA,Webster County,477
13309,GA,Wheeler County,"1,821"
13311,GA,White County,"3,259"
13313,GA,Whitfield County,"13,110"
13315,GA,Wilcox County,"1,991"
13317,GA,Wilkes County,"1,875"
13319,GA,Wilkinson County,"1,491"
13321,GA,Worth County,"4,061"
15001,HI,Hawaii County,"26,071"
15003,HI,Honolulu County,"74,282"
15007,HI,Kauai County,"6,659"
15009,HI,Maui County,"17,638"
16001,ID,Ada County,"44,023"
16003,ID,Adams County,539
16005,ID,Bannock County,"11,554"
16007,ID,Bear Lake County,717
16009,ID,Benewah County,"1,415"
16011,ID,Bingham County,"5,145"
16013,ID,Blaine County,"1,657"
16015,ID,Boise County,899
16017,ID,Bonner County,"5,689"
16019,ID,Bonneville County,"10,953"
16021,ID,Boundary County,"1,794"
16023,ID,Butte County,376
16025,ID,Camas County,99
16027,ID,Canyon County,"22,828"
16029,ID,Caribou County,718
16031,ID,Cassia County,"2,843"
16033,ID,Clark County,122
16035,ID,Clearwater County,"1,082"
16037,ID,Custer County,556
16039,ID,Elmore County,"3,758"
16041,ID,Franklin County,"1,122"
16043,ID,Fremont County,"1,598"
16045,ID,Gem County,"2,266"
16047,ID,Gooding County,"2,285"
16049,ID,Idaho County,"2,227"
16051,ID,Jefferson County,"2,723"
16053,ID,Jerome County,"3,429"
16055,ID,Kootenai County,"16,374"
16057,ID,Latah County,"4,353"
16059,ID,Lemhi County,"1,070"
16061,ID,Lewis County,502
16063,ID,Lincoln County,592
16065,ID,Madison County,"10,731"
16067,ID,Minidoka County,"2,361"
16069,ID,Nez Perce County,"4,372"
16071,ID,Oneida County,507
16073,ID,Owyhee County,"1,736"
16075,ID,Payette County,"2,615"
16077,ID,Power County,998
16079,ID,Shoshone County,"2,426"
16081,ID,Teton County,931
16083,ID,Twin Falls County,"9,420"
16085,ID,Valley County,995
16087,ID,Washington County,"1,345"
17001,IL,Adams County,"7,786"
17003,IL,Alexander County,"1,361"
17005,IL,Bond County,"1,920"
17007,IL,Boone County,"4,701"
17009,IL,Brown County,674
17011,IL,Bureau County,"3,594"
17013,IL,Calhoun County,452
17015,IL,Carroll County,"1,560"
17017,IL,Cass County,"1,554"
17019,IL,Champaign County,"38,566"
17021,IL,Christian County,"3,769"
17023,IL,Clark County,"1,636"
17025,IL,Clay County,"1,793"
17027,IL,Clinton County,"2,645"
17029,IL,Coles County,"7,957"
17031,IL,Cook County,"659,687"
17033,IL,Crawford County,"2,170"
17035,IL,Cumberland County,"1,075"
17037,IL,DeKalb County,"12,909"
17039,IL,De Witt County,"1,683"
17041,IL,Douglas County,"1,544"
17043,IL,DuPage County,"54,833"
17045,IL,Edgar County,"2,220"
17047,IL,Edwards County,744
17049,IL,Effingham County,"3,087"
17051,IL,Fayette County,"2,961"
17053,IL,Ford County,"1,256"
17055,IL,Franklin County,"6,199"
17057,IL,Fulton County,"4,181"
17059,IL,Gallatin County,911
17061,IL,Greene County,"1,730"
17063,IL,Grundy County,"2,827"
17065,IL,Hamilton County,"1,017"
17067,IL,Hancock County,"2,149"
17069,IL,Hardin County,683
17071,IL,Henderson County,724
17073,IL,Henry County,"4,164"
17075,IL,Iroquois County,"3,083"
17077,IL,Jackson County,"13,551"
17079,IL,Jasper County,942
17081,IL,Jefferson County,"5,267"
17083,IL,Jersey County,"2,171"
17085,IL,Jo Daviess County,"1,965"
17087,IL,Johnson County,"1,435"
17089,IL,Kane County,"43,305"
17091,IL,Kankakee County,"13,271"
17093,IL,Kendall County,"5,195"
17095,IL,Knox County,"8,490"
17097,IL,Lake County,"49,130"
17099,IL,La Salle County,"12,837"
17101,IL,Lawrence County,"2,442"
17103,IL,Lee County,"3,724"
17105,IL,Livingston County,"4,319"
17107,IL,Logan County,"3,124"
17109,IL,McDonough County,"6,134"
17111,IL,McHenry County,"16,380"
17113,IL,McLean County,"23,034"
17115,IL,Macon County,"16,762"
17117,IL,Macoupin County,"5,934"
17119,IL,Madison County,"28,284"
17121,IL,Marion County,"5,456"
17123,IL,Marshall County,"1,007"
17125,IL,Mason County,"1,592"
17127,IL,Massac County,"2,143"
17129,IL,Menard County,986
17131,IL,Mercer County,"1,233"
17133,IL,Monroe County,"1,423"
17135,IL,Montgomery County,"4,140"
17137,IL,Morgan County,"4,209"
17139,IL,Moultrie County,"1,218"
17141,IL,Ogle County,"4,684"
17143,IL,Peoria County,"25,825"
17145,IL,Perry County,"2,650"
17147,IL,Piatt County,"1,054"
17149,IL,Pike County,"2,164"
17151,IL,Pope County,688
17153,IL,Pulaski County,"1,171"
17155,IL,Putnam County,435
17157,IL,Randolph County,"3,499"
17159,IL,Richland County,"1,980"
17161,IL,Rock Island County,"18,669"
17163,IL,St. Clair County,"33,979"
17165,IL,Saline County,"3,556"
17167,IL,Sangamon County,"23,367"
17169,IL,Schuyler County,753
17171,IL,Scott County,545
17173,IL,Shelby County,"2,000"
17175,IL,Stark County,587
17177,IL,Stephenson County,"4,997"
17179,IL,Tazewell County,"10,576"
17181,IL,Union County,"2,835"
17183,IL,Vermilion County,"12,253"
17185,IL,Wabash County,"1,533"
17187,IL,Warren County,"1,805"
17189,IL,Washington County,"1,099"
17191,IL,Wayne County,"2,116"
17193,IL,White County,"1,906"
17195,IL,Whiteside County,"6,176"
17197,IL,Will County,"44,518"
17199,IL,Williamson County,"8,627"
17201,IL,Winnebago County,"44,613"
17203,IL,Woodford County,"2,269"
18001,IN,Adams County,"4,444"
18003,IN,Allen County,"39,176"
18005,IN,Bartholomew County,"9,205"
18007,IN,Benton County,752
18009,IN,Blackford County,"1,474"
18011,IN,Boone County,"4,619"
18013,IN,Brown County,"1,565"
18015,IN,Carroll County,"1,739"
18017,IN,Cass County,"4,630"
18019,IN,Clark County,"11,267"
18021,IN,Clay County,"2,920"
18023,IN,Clinton County,"3,545"
18025,IN,Crawford County,"1,723"
18027,IN,Daviess County,"3,686"
18029,IN,Dearborn County,"4,546"
18031,IN,Decatur County,"2,502"
18033,IN,De Kalb County,"4,040"
18035,IN,Delaware County,"22,680"
18037,IN,Dubois County,"2,465"
18039,IN,Elkhart County,"19,316"
18041,IN,Fayette County,"3,059"
18043,IN,Floyd County,"8,161"
18045,IN,Fountain County,"2,000"
18047,IN,Franklin County,"2,073"
18049,IN,Fulton County,"1,876"
18051,IN,Gibson County,"3,050"
18053,IN,Grant County,"9,713"
18055,IN,Greene County,"4,242"
18057,IN,Hamilton County,"14,199"
18059,IN,Hancock County,"3,978"
18061,IN,Harrison County,"3,276"
18063,IN,Hendricks County,"8,123"
18065,IN,Henry County,"5,709"
18067,IN,Howard County,"9,880"
18069,IN,Huntington County,"3,407"
18071,IN,Jackson County,"4,391"
18073,IN,Jasper County,"2,854"
18075,IN,Jay County,"2,510"
18077,IN,Jefferson County,"3,476"
18079,IN,Jennings County,"3,169"
18081,IN,Johnson County,"9,294"
18083,IN,Knox County,"4,381"
18085,IN,Kosciusko County,"6,996"
18087,IN,Lagrange County,"2,943"
18089,IN,Lake County,"69,073"
18091,IN,La Porte County,"13,771"
18093,IN,Lawrence County,"4,670"
18095,IN,Madison County,"16,056"
18097,IN,Marion County,"143,107"
18099,IN,Marshall County,"4,947"
18101,IN,Martin County,"1,098"
18103,IN,Miami County,"4,162"
18105,IN,Monroe County,"27,710"
18107,IN,Montgomery County,"4,478"
18109,IN,Morgan County,"6,201"
18111,IN,Newton County,"1,300"
18113,IN,Noble County,"3,662"
18115,IN,Ohio County,554
18117,IN,Orange County,"2,728"
18119,IN,Owen County,"2,447"
18121,IN,Parke County,"2,308"
18123,IN,Perry County,"2,113"
18125,IN,Pike County,"1,140"
18127,IN,Porter County,"13,421"
18129,IN,Posey County,"2,167"
18131,IN,Pulaski County,"1,357"
18133,IN,Putnam County,"3,408"
18135,IN,Randolph County,"3,222"
18137,IN,Ripley County,"2,525"
18139,IN,Rush County,"1,785"
18141,IN,St. Joseph County,"39,848"
18143,IN,Scott County,"3,194"
18145,IN,Shelby County,"4,414"
18147,IN,Spencer County,"1,728"
18149,IN,Starke County,"3,046"
18151,IN,Steuben County,"2,846"
18153,IN,Sullivan County,"2,643"
18155,IN,Switzerland County,"1,529"
18157,IN,Tippecanoe County,"28,780"
18159,IN,Tipton County,"1,166"
18161,IN,Union County,667
18163,IN,Vanderburgh County,"25,190"
18165,IN,Vermillion County,"1,859"
18167,IN,Vigo County,"20,241"
18169,IN,Wabash County,"3,163"
18171,IN,Warren County,766
18173,IN,Warrick County,"3,888"
18175,IN,Washington County,"3,325"
18177,IN,Wayne County,"9,577"
18179,IN,Wells County,"2,041"
18181,IN,White County,"2,429"
18183,IN,Whitley County,"2,559"
19001,IA,Adair County,750
19003,IA,Adams County,450
19005,IA,Allamakee County,"1,745"
19007,IA,Appanoose County,"2,373"
19009,IA,Audubon County,587
19011,IA,Benton County,"1,964"
19013,IA,Black Hawk County,"17,407"
19015,IA,Boone County,"2,227"
19017,IA,Bremer County,"1,581"
19019,IA,Buchanan County,"1,984"
19021,IA,Buena Vista County,"1,903"
19023,IA,Butler County,"1,492"
19025,IA,Calhoun County,"1,032"
19027,IA,Carroll County,"1,631"
19029,IA,Cass County,"1,798"
19031,IA,Cedar County,"1,433"
19033,IA,Cerro Gordo County,"3,504"
19035,IA,Cherokee County,"1,105"
19037,IA,Chickasaw County,"1,012"
19039,IA,Clarke County,"1,078"
19041,IA,Clay County,"1,627"
19043,IA,Clayton County,"1,910"
19045,IA,Clinton County,"6,009"
19047,IA,Crawford County,"2,074"
19049,IA,Dallas County,"3,956"
19051,IA,Davis County,"1,021"
19053,IA,Decatur County,"1,309"
19055,IA,Delaware County,"1,450"
19057,IA,Des Moines County,"5,703"
19059,IA,Dickinson County,"1,192"
19061,IA,Dubuque County,"10,030"
19063,IA,Emmet County,999
19065,IA,Fayette County,"2,489"
19067,IA,Floyd County,"1,802"
19069,IA,Franklin County,"1,105"
19071,IA,Fremont County,789
19073,IA,Greene County,986
19075,IA,Grundy County,659
19077,IA,Guthrie County,929
19079,IA,Hamilton County,"1,320"
19081,IA,Hancock County,945
19083,IA,Hardin County,"1,689"
19085,IA,Harrison County,"1,206"
19087,IA,Henry County,"2,142"
19089,IA,Howard County,865
19091,IA,Humboldt County,"1,010"
19093,IA,Ida County,704
19095,IA,Iowa County,"1,056"
19097,IA,Jackson County,"2,362"
19099,IA,Jasper County,"2,968"
19101,IA,Jefferson County,"2,386"
19103,IA,Johnson County,"22,937"
19105,IA,Jones County,"1,844"
19107,IA,Keokuk County,"1,150"
19109,IA,Kossuth County,"1,506"
19111,IA,Lee County,"4,859"
19113,IA,Linn County,"24,600"
19115,IA,Louisa County,999
19117,IA,Lucas County,"1,263"
19119,IA,Lyon County,858
19121,IA,Madison County,"1,114"
19123,IA,Mahaska County,"2,316"
19125,IA,Marion County,"2,636"
19127,IA,Marshall County,"4,947"
19129,IA,Mills County,"1,283"
19131,IA,Mitchell County,961
19133,IA,Monona County,"1,028"
19135,IA,Monroe County,811
19137,IA,Montgomery County,"1,279"
19139,IA,Muscatine County,"4,249"
19141,IA,O'Brien County,"1,365"
19143,IA,Osceola County,544
19145,IA,Page County,"2,020"
19147,IA,Palo Alto County,952
19149,IA,Plymouth County,"1,796"
19151,IA,Pocahontas County,654
19153,IA,Polk County,"48,468"
19155,IA,Pottawattamie County,"10,002"
19157,IA,Poweshiek County,"1,951"
19159,IA,Ringgold County,713
19161,IA,Sac County,903
19163,IA,Scott County,"20,016"
19165,IA,Shelby County,970
19167,IA,Sioux County,"2,272"
19169,IA,Story County,"13,727"
19171,IA,Tama County,"2,168"
19173,IA,Taylor County,753
19175,IA,Union County,"1,433"
19177,IA,Van Buren County,895
19179,IA,Wapello County,"4,842"
19181,IA,Warren County,"3,621"
19183,IA,Washington County,"1,971"
19185,IA,Wayne County,"1,211"
19187,IA,Webster County,"4,005"
19189,IA,Winnebago County,"1,011"
19191,IA,Winneshiek County,"1,549"
19193,IA,Woodbury County,"12,882"
19195,IA,Worth County,711
19197,IA,Wright County,"1,364"
20001,KS,Allen County,"2,067"
20003,KS,Anderson County,982
20005,KS,Atchison County,"2,051"
20007,KS,Barber County,593
20009,KS,Barton County,"3,345"
20011,KS,Bourbon County,"2,185"
20013,KS,Brown County,"1,454"
20015,KS,Butler County,"5,460"
20017,KS,Chase County,285
20019,KS,Chautauqua County,518
20021,KS,Cherokee County,"3,016"
20023,KS,Cheyenne County,301
20025,KS,Clark County,238
20027,KS,Clay County,780
20029,KS,Cloud County,"1,123"
20031,KS,Coffey County,903
20033,KS,Comanche County,187
20035,KS,Cowley County,"4,416"
20037,KS,Crawford County,"6,828"
20039,KS,Decatur County,361
20041,KS,Dickinson County,"1,764"
20043,KS,Doniphan County,810
20045,KS,Douglas County,"17,127"
20047,KS,Edwards County,322
20049,KS,Elk County,481
20051,KS,Ellis County,"3,596"
20053,KS,Ellsworth County,490
20055,KS,Finney County,"4,647"
20057,KS,Ford County,"4,522"
20059,KS,Franklin County,"2,594"
20061,KS,Geary County,"3,586"
20063,KS,Gove County,246
20065,KS,Graham County,288
20067,KS,Grant County,743
20069,KS,Gray County,448
20071,KS,Greeley County,131
20073,KS,Greenwood County,873
20075,KS,Hamilton County,332
20077,KS,Harper County,751
20079,KS,Harvey County,"3,058"
20081,KS,Haskell County,379
20083,KS,Hodgeman County,184
20085,KS,Jackson County,"1,410"
20087,KS,Jefferson County,"1,456"
20089,KS,Jewell County,369
20091,KS,Johnson County,"31,666"
20093,KS,Kearny County,389
20095,KS,Kingman County,783
20097,KS,Kiowa County,281
20099,KS,Labette County,"3,027"
20101,KS,Lane County,157
20103,KS,Leavenworth County,"6,255"
20105,KS,Lincoln County,350
20107,KS,Linn County,"1,148"
20109,KS,Logan County,274
20111,KS,Lyon County,"4,790"
20113,KS,McPherson County,"1,991"
20115,KS,Marion County,"1,191"
20117,KS,Marshall County,896
20119,KS,Meade County,380
20121,KS,Miami County,"2,294"
20123,KS,Mitchell County,630
20125,KS,Montgomery County,"4,807"
20127,KS,Morris County,582
20129,KS,Morton County,292
20131,KS,Nemaha County,872
20133,KS,Neosho County,"2,426"
20135,KS,Ness County,283
20137,KS,Norton County,527
20139,KS,Osage County,"2,231"
20141,KS,Osborne County,445
20143,KS,Ottawa County,553
20145,KS,Pawnee County,755
20147,KS,Phillips County,565
20149,KS,Pottawatomie County,"1,735"
20151,KS,Pratt County,981
20153,KS,Rawlins County,352
20155,KS,Reno County,"7,882"
20157,KS,Republic County,553
20159,KS,Rice County,"1,042"
20161,KS,Riley County,"13,334"
20163,KS,Rooks County,509
20165,KS,Rush County,362
20167,KS,Russell County,974
20169,KS,Saline County,"6,514"
20171,KS,Scott County,372
20173,KS,Sedgwick County,"64,061"
20175,KS,Seward County,"2,969"
20177,KS,Shawnee County,"16,817"
20179,KS,Sheridan County,294
20181,KS,Sherman County,725
20183,KS,Smith County,407
20185,KS,Stafford County,559
20187,KS,Stanton County,206
20189,KS,Stevens County,524
20191,KS,Sumner County,"2,542"
20193,KS,Thomas County,670
20195,KS,Trego County,295
20197,KS,Wabaunsee County,472
20199,KS,Wallace County,181
20201,KS,Washington County,502
20203,KS,Wichita County,230
20205,KS,Wilson County,"1,110"
20207,KS,Woodson County,440
20209,KS,Wyandotte County,"33,777"
21001,KY,Adair County,"3,832"
21003,KY,Allen County,"3,543"
21005,KY,Anderson County,"2,294"
21007,KY,Ballard County,"1,195"
21009,KY,Barren County,"8,697"
21011,KY,Bath County,"2,397"
21013,KY,Bell County,"7,569"
21015,KY,Boone County,"9,435"
21017,KY,Bourbon County,"2,736"
21019,KY,Boyd County,"9,186"
21021,KY,Boyle County,"4,119"
21023,KY,Bracken County,"1,156"
21025,KY,Breathitt County,"3,609"
21027,KY,Breckinridge County,"3,675"
21029,KY,Bullitt County,"6,294"
21031,KY,Butler County,"2,261"
21033,KY,Caldwell County,"1,982"
21035,KY,Calloway County,"5,875"
21037,KY,Campbell County,"9,833"
21039,KY,Carlisle County,725
21041,KY,Carroll County,"1,569"
21043,KY,Carter County,"5,207"
21045,KY,Casey County,"3,938"
21047,KY,Christian County,"12,219"
21049,KY,Clark County,"4,627"
21051,KY,Clay County,"5,905"
21053,KY,Clinton County,"2,353"
21055,KY,Crittenden County,"1,646"
21057,KY,Cumberland County,"1,492"
21059,KY,Daviess County,"15,213"
21061,KY,Edmonson County,"1,925"
21063,KY,Elliott County,"1,775"
21065,KY,Estill County,"3,161"
21067,KY,Fayette County,"47,657"
21069,KY,Fleming County,"3,065"
21071,KY,Floyd County,"9,632"
21073,KY,Franklin County,"5,680"
21075,KY,Fulton County,"1,412"
21077,KY,Gallatin County,"1,167"
21079,KY,Garrard County,"2,741"
21081,KY,Grant County,"3,256"
21083,KY,Graves County,"6,551"
21085,KY,Grayson County,"5,175"
21087,KY,Green County,"2,010"
21089,KY,Greenup County,"5,490"
21091,KY,Hancock County,"1,055"
21093,KY,Hardin County,"11,476"
21095,KY,Harlan County,"7,918"
21097,KY,Harrison County,"2,845"
21099,KY,Hart County,"3,767"
21101,KY,Henderson County,"7,172"
21103,KY,Henry County,"2,337"
21105,KY,Hickman County,703
21107,KY,Hopkins County,"7,829"
21109,KY,Jackson County,"3,655"
21111,KY,Jefferson County,"106,552"
21113,KY,Jessamine County,"5,744"
21115,KY,Johnson County,"5,575"
21117,KY,Kenton County,"18,352"
21119,KY,Knott County,"4,291"
21121,KY,Knox County,"9,538"
21123,KY,Larue County,"2,160"
21125,KY,Laurel County,"12,793"
21127,KY,Lawrence County,"3,546"
21129,KY,Lee County,"2,220"
21131,KY,Leslie County,"3,106"
21133,KY,Letcher County,"6,158"
21135,KY,Lewis County,"3,036"
21137,KY,Lincoln County,"4,770"
21139,KY,Livingston County,"1,110"
21141,KY,Logan County,"4,080"
21143,KY,Lyon County,"1,015"
21145,KY,McCracken County,"9,947"
21147,KY,McCreary County,"5,319"
21149,KY,McLean County,"1,268"
21151,KY,Madison County,"15,284"
21153,KY,Magoffin County,"3,528"
21155,KY,Marion County,"3,148"
21157,KY,Marshall County,"3,596"
21159,KY,Martin County,"3,353"
21161,KY,Mason County,"2,619"
21163,KY,Meade County,"3,206"
21165,KY,Menifee County,"1,661"
21167,KY,Mercer County,"2,990"
21169,KY,Metcalfe County,"2,241"
21171,KY,Monroe County,"2,263"
21173,KY,Montgomery County,"4,373"
21175,KY,Morgan County,"2,997"
21177,KY,Muhlenberg County,"5,425"
21179,KY,Nelson County,"4,773"
21181,KY,Nicholas County,"1,236"
21183,KY,Ohio County,"3,672"
21185,KY,Oldham County,"3,070"
21187,KY,Owen County,"1,703"
21189,KY,Owsley County,"1,528"
21191,KY,Pendleton County,"1,791"
21193,KY,Perry County,"6,080"
21195,KY,Pike County,"13,523"
21197,KY,Powell County,"2,593"
21199,KY,Pulaski County,"14,392"
21201,KY,Robertson County,450
21203,KY,Rockcastle County,"3,425"
21205,KY,Rowan County,"4,976"
21207,KY,Russell County,"3,990"
21209,KY,Scott County,"4,795"
21211,KY,Shelby County,"4,449"
21213,KY,Simpson County,"2,264"
21215,KY,Spencer County,"1,403"
21217,KY,Taylor County,"3,997"
21219,KY,Todd County,"2,060"
21221,KY,Trigg County,"2,119"
21223,KY,Trimble County,996
21225,KY,Union County,"2,455"
21227,KY,Warren County,"19,308"
21229,KY,Washington County,"1,723"
21231,KY,Wayne County,"4,736"
21233,KY,Webster County,"2,032"
21235,KY,Whitley County,"7,763"
21237,KY,Wolfe County,"2,108"
21239,KY,Woodford County,"2,162"
22001,LA,Acadia Parish,"12,365"
22003,LA,Allen Parish,"4,610"
22005,LA,Ascension Parish,"12,011"
22007,LA,Assumption Parish,"4,071"
22009,LA,Avoyelles Parish,"8,980"
22011,LA,Beauregard Parish,"5,167"
22013,LA,Bienville Parish,"3,137"
22015,LA,Bossier Parish,"20,339"
22017,LA,Caddo Parish,"56,480"
22019,LA,Calcasieu Parish,"37,742"
22021,LA,Caldwell Parish,"1,818"
22023,LA,Cameron Parish,949
22025,LA,Catahoula Parish,"2,275"
22027,LA,Claiborne Parish,"4,135"
22029,LA,Concordia Parish,"4,873"
22031,LA,De Soto Parish,"4,898"
22033,LA,East Baton Rouge Parish,"76,011"
22035,LA,East Carroll Parish,"2,221"
22037,LA,East Feliciana Parish,"3,130"
22039,LA,Evangeline Parish,"9,115"
22041,LA,Franklin Parish,"4,990"
22043,LA,Grant Parish,"3,610"
22045,LA,Iberia Parish,"15,059"
22047,LA,Iberville Parish,"5,370"
22049,LA,Jackson Parish,"2,827"
22051,LA,Jefferson Parish,"62,709"
22053,LA,Jefferson Davis Parish,"5,877"
22055,LA,Lafayette Parish,"39,646"
22057,LA,Lafourche Parish,"16,755"
22059,LA,La Salle Parish,"2,300"
22061,LA,Lincoln Parish,"12,361"
22063,LA,Livingston Parish,"16,700"
22065,LA,Madison Parish,"3,855"
22067,LA,Morehouse Parish,"7,449"
22069,LA,Natchitoches Parish,"7,047"
22071,LA,Orleans Parish,"88,917"
22073,LA,Ouachita Parish,"35,315"
22075,LA,Plaquemines Parish,"3,450"
22077,LA,Pointe Coupee Parish,"4,312"
22079,LA,Rapides Parish,"23,052"
22081,LA,Red River Parish,"1,970"
22083,LA,Richland Parish,"4,810"
22085,LA,Sabine Parish,"4,296"
22087,LA,St. Bernard Parish,"8,967"
22089,LA,St. Charles Parish,"5,824"
22091,LA,St. Helena Parish,"1,952"
22093,LA,St. James Parish,"3,455"
22095,LA,St. John the Baptist Parish,"6,780"
22097,LA,St. Landry Parish,"18,256"
22099,LA,St. Martin Parish,"9,811"
22101,LA,St. Mary Parish,"11,532"
22103,LA,St. Tammany Parish,"29,707"
22105,LA,Tangipahoa Parish,"28,408"
22107,LA,Tensas Parish,"1,247"
22109,LA,Terrebonne Parish,"20,691"
22111,LA,Union Parish,"4,187"
22113,LA,Vermilion Parish,"10,017"
22115,LA,Vernon Parish,"6,850"
22117,LA,Washington Parish,"11,062"
22119,LA,Webster Parish,"10,967"
22121,LA,West Baton Rouge Parish,"3,734"
22123,LA,West Carroll Parish,"2,177"
22125,LA,West Feliciana Parish,"2,261"
22127,LA,Winn Parish,"2,852"
23001,ME,Androscoggin County,"10,871"
23003,ME,Aroostook County,"10,052"
23005,ME,Cumberland County,"22,333"
23007,ME,Franklin County,"3,653"
23009,ME,Hancock County,"5,695"
23011,ME,Kennebec County,"13,605"
23013,ME,Knox County,"4,174"
23015,ME,Lincoln County,"3,727"
23017,ME,Oxford County,"7,414"
23019,ME,Penobscot County,"17,894"
23021,ME,Piscataquis County,"2,717"
23023,ME,Sagadahoc County,"3,054"
23025,ME,Somerset County,"9,059"
23027,ME,Waldo County,"5,318"
23029,ME,Washington County,"6,009"
23031,ME,York County,"15,990"
24001,MD,Allegany County,"10,038"
24003,MD,Anne Arundel County,"32,641"
24005,MD,Baltimore County,"71,496"
24009,MD,Calvert County,"5,216"
24011,MD,Caroline County,"3,990"
24013,MD,Carroll County,"8,359"
24015,MD,Cecil County,"10,469"
24017,MD,Charles County,"10,268"
24019,MD,Dorchester County,"5,160"
24021,MD,Frederick County,"14,538"
24023,MD,Garrett County,"3,644"
24025,MD,Harford County,"16,851"
24027,MD,Howard County,"16,216"
24029,MD,Kent County,"2,242"
24031,MD,Montgomery County,"75,836"
24033,MD,Prince George's County,"76,853"
24035,MD,Queen Anne's County,"2,967"
24037,MD,St. Mary's County,"8,494"
24039,MD,Somerset County,"4,775"
24041,MD,Talbot County,"3,210"
24043,MD,Washington County,"17,545"
24045,MD,Wicomico County,"15,845"
24047,MD,Worcester County,"5,103"
24510,MD,Baltimore city,"115,961"
25000,MA,Massachusetts,"631,551"
25001,MA,Barnstable County,"13,595"
25003,MA,Berkshire County,"13,321"
25005,MA,Bristol County,"62,413"
25007,MA,Dukes County,"1,249"
25009,MA,Essex County,"68,255"
25011,MA,Franklin County,"6,403"
25013,MA,Hampden County,"62,331"
25015,MA,Hampshire County,"15,342"
25017,MA,Middlesex County,"108,177"
25019,MA,Nantucket County,620
25021,MA,Norfolk County,"40,148"
25023,MA,Plymouth County,"37,885"
25025,MA,Suffolk County,"126,266"
25027,MA,Worcester County,"75,546"
26001,MI,Alcona County,"1,846"
26003,MI,Alger County,"1,020"
26005,MI,Allegan County,"12,648"
26007,MI,Alpena County,"3,894"
26009,MI,Antrim County,"2,216"
26011,MI,Arenac County,"2,528"
26013,MI,Baraga County,984
26015,MI,Barry County,"4,749"
26017,MI,Bay County,"13,645"
26019,MI,Benzie County,"1,685"
26021,MI,Berrien County,"23,806"
26023,MI,Branch County,"5,462"
26025,MI,Calhoun County,"18,085"
26027,MI,Cass County,"7,558"
26029,MI,Charlevoix County,"2,510"
26031,MI,Cheboygan County,"3,716"
26033,MI,Chippewa County,"5,966"
26035,MI,Clare County,"5,982"
26037,MI,Clinton County,"6,164"
26039,MI,Crawford County,"1,933"
26041,MI,Delta County,"4,844"
26043,MI,Dickinson County,"2,457"
26045,MI,Eaton County,"8,093"
26047,MI,Emmet County,"3,029"
26049,MI,Genesee County,"66,557"
26051,MI,Gladwin County,"3,401"
26053,MI,Gogebic County,"2,325"
26055,MI,Grand Traverse County,"6,638"
26057,MI,Gratiot County,"5,035"
26059,MI,Hillsdale County,"6,771"
26061,MI,Houghton County,"4,828"
26063,MI,Huron County,"4,190"
26065,MI,Ingham County,"47,655"
26067,MI,Ionia County,"6,792"
26069,MI,Iosco County,"3,495"
26071,MI,Iron County,"1,473"
26073,MI,Isabella County,"14,755"
26075,MI,Jackson County,"20,500"
26077,MI,Kalamazoo County,"34,247"
26079,MI,Kalkaska County,"2,478"
26081,MI,Kent County,"72,323"
26083,MI,Keweenaw County,217
26085,MI,Lake County,"2,342"
26087,MI,Lapeer County,"8,674"
26089,MI,Leelanau County,"1,541"
26091,MI,Lenawee County,"11,037"
26093,MI,Livingston County,"8,415"
26095,MI,Luce County,969
26097,MI,Mackinac County,"1,507"
26099,MI,Macomb County,"74,273"
26101,MI,Manistee County,"2,862"
26103,MI,Marquette County,"7,321"
26105,MI,Mason County,"3,992"
26107,MI,Mecosta County,"7,976"
26109,MI,Menominee County,"3,029"
26111,MI,Midland County,"7,920"
26113,MI,Missaukee County,"1,633"
26115,MI,Monroe County,"15,223"
26117,MI,Montcalm County,"7,559"
26119,MI,Montmorency County,"1,321"
26121,MI,Muskegon County,"22,745"
26123,MI,Newaygo County,"7,576"
26125,MI,Oakland County,"96,558"
26127,MI,Oceana County,"3,880"
26129,MI,Ogemaw County,"3,768"
26131,MI,Ontonagon County,755
26133,MI,Osceola County,"3,376"
26135,MI,Oscoda County,"1,258"
26137,MI,Otsego County,"2,429"
26139,MI,Ottawa County,"22,048"
26141,MI,Presque Isle County,"1,344"
26143,MI,Roscommon County,"3,636"
26145,MI,Saginaw County,"34,239"
26147,MI,St. Clair County,"16,375"
26149,MI,St. Joseph County,"7,779"
26151,MI,Sanilac County,"5,528"
26153,MI,Schoolcraft County,"1,138"
26155,MI,Shiawassee County,"7,344"
26157,MI,Tuscola County,"5,948"
26159,MI,Van Buren County,"9,697"
26161,MI,Washtenaw County,"44,991"
26163,MI,Wayne County,"341,821"
26165,MI,Wexford County,"4,118"
27001,MN,Aitkin County,"1,947"
27003,MN,Anoka County,"21,793"
27005,MN,Becker County,"3,447"
27007,MN,Beltrami County,"7,357"
27009,MN,Benton County,"3,465"
27011,MN,Big Stone County,533
27013,MN,Blue Earth County,"9,729"
27015,MN,Brown County,"1,763"
27017,MN,Carlton County,"3,114"
27019,MN,Carver County,"4,492"
27021,MN,Cass County,"3,359"
27023,MN,Chippewa County,"1,210"
27025,MN,Chisago County,"3,403"
27027,MN,Clay County,"7,283"
27029,MN,Clearwater County,"1,002"
27031,MN,Cook County,484
27033,MN,Cottonwood County,"1,182"
27035,MN,Crow Wing County,"6,749"
27037,MN,Dakota County,"26,714"
27039,MN,Dodge County,"1,159"
27041,MN,Douglas County,"2,375"
27043,MN,Faribault County,"1,615"
27045,MN,Fillmore County,"1,940"
27047,MN,Freeborn County,"2,858"
27049,MN,Goodhue County,"3,248"
27051,MN,Grant County,519
27053,MN,Hennepin County,"120,032"
27055,MN,Houston County,"1,430"
27057,MN,Hubbard County,"2,386"
27059,MN,Isanti County,"2,761"
27061,MN,Itasca County,"4,946"
27063,MN,Jackson County,953
27065,MN,Kanabec County,"1,632"
27067,MN,Kandiyohi County,"4,136"
27069,MN,Kittson County,386
27071,MN,Koochiching County,"1,559"
27073,MN,Lac qui Parle County,614
27075,MN,Lake County,945
27077,MN,Lake of the Woods County,337
27079,MN,Le Sueur County,"2,027"
27081,MN,Lincoln County,556
27083,MN,Lyon County,"2,609"
27085,MN,McLeod County,"2,224"
27087,MN,Mahnomen County,"1,158"
27089,MN,Marshall County,691
27091,MN,Martin County,"2,041"
27093,MN,Meeker County,"1,807"
27095,MN,Mille Lacs County,"2,914"
27097,MN,Morrison County,"2,944"
27099,MN,Mower County,"4,539"
27101,MN,Murray County,682
27103,MN,Nicollet County,"3,146"
27105,MN,Nobles County,"2,334"
27107,MN,Norman County,647
27109,MN,Olmsted County,"10,482"
27111,MN,Otter Tail County,"6,331"
27113,MN,Pennington County,"1,342"
27115,MN,Pine County,"3,219"
27117,MN,Pipestone County,986
27119,MN,Polk County,"3,266"
27121,MN,Pope County,982
27123,MN,Ramsey County,"66,340"
27125,MN,Red Lake County,397
27127,MN,Redwood County,"1,433"
27129,MN,Renville County,"1,418"
27131,MN,Rice County,"4,919"
27133,MN,Rock County,785
27135,MN,Roseau County,902
27137,MN,St. Louis County,"24,428"
27139,MN,Scott County,"6,157"
27141,MN,Sherburne County,"5,170"
27143,MN,Sibley County,"1,574"
27145,MN,Stearns County,"17,305"
27147,MN,Steele County,"2,262"
27149,MN,Stevens County,"1,061"
27151,MN,Swift County,864
27153,MN,Todd County,"2,874"
27155,MN,Traverse County,374
27157,MN,Wabasha County,"1,803"
27159,MN,Wadena County,"1,658"
27161,MN,Waseca County,"1,569"
27163,MN,Washington County,"11,924"
27165,MN,Watonwan County,"1,081"
27167,MN,Wilkin County,551
27169,MN,Winona County,"5,165"
27171,MN,Wright County,"7,079"
27173,MN,Yellow Medicine County,910
28001,MS,Adams County,"7,891"
28003,MS,Alcorn County,"6,251"
28005,MS,Amite County,"2,537"
28007,MS,Attala County,"4,290"
28009,MS,Benton County,"1,685"
28011,MS,Bolivar County,"10,665"
28013,MS,Calhoun County,"2,428"
28015,MS,Carroll County,"1,641"
28017,MS,Chickasaw County,"3,755"
28019,MS,Choctaw County,"1,693"
28021,MS,Claiborne County,"2,875"
28023,MS,Clarke County,"3,573"
28025,MS,Clay County,"5,635"
28027,MS,Coahoma County,"8,210"
28029,MS,Copiah County,"6,082"
28031,MS,Covington County,"3,897"
28033,MS,DeSoto County,"17,313"
28035,MS,Forrest County,"16,776"
28037,MS,Franklin County,"1,496"
28039,MS,George County,"3,961"
28041,MS,Greene County,"2,389"
28043,MS,Grenada County,"4,162"
28045,MS,Hancock County,"7,869"
28047,MS,Harrison County,"35,341"
28049,MS,Hinds County,"44,973"
28051,MS,Holmes County,"5,447"
28053,MS,Humphreys County,"2,949"
28055,MS,Issaquena County,353
28057,MS,Itawamba County,"2,868"
28059,MS,Jackson County,"21,371"
28061,MS,Jasper County,"3,333"
28063,MS,Jefferson County,"1,910"
28065,MS,Jefferson Davis County,"2,676"
28067,MS,Jones County,"15,816"
28069,MS,Kemper County,"2,430"
28071,MS,Lafayette County,"8,642"
28073,MS,Lamar County,"10,059"
28075,MS,Lauderdale County,"15,208"
28077,MS,Lawrence County,"2,466"
28079,MS,Leake County,"5,007"
28081,MS,Lee County,"12,271"
28083,MS,Leflore County,"9,631"
28085,MS,Lincoln County,"6,564"
28087,MS,Lowndes County,"9,836"
28089,MS,Madison County,"10,541"
28091,MS,Marion County,"5,661"
28093,MS,Marshall County,"6,777"
28095,MS,Monroe County,"6,211"
28097,MS,Montgomery County,"2,285"
28099,MS,Neshoba County,"6,228"
28101,MS,Newton County,"4,163"
28103,MS,Noxubee County,"2,989"
28105,MS,Oktibbeha County,"14,067"
28107,MS,Panola County,"7,738"
28109,MS,Pearl River County,"9,767"
28111,MS,Perry County,"2,358"
28113,MS,Pike County,"10,040"
28115,MS,Pontotoc County,"5,041"
28117,MS,Prentiss County,"3,814"
28119,MS,Quitman County,"2,322"
28121,MS,Rankin County,"16,526"
28123,MS,Scott County,"5,485"
28125,MS,Sharkey County,"1,415"
28127,MS,Simpson County,"4,656"
28129,MS,Smith County,"2,988"
28131,MS,Stone County,"3,144"
28133,MS,Sunflower County,"7,156"
28135,MS,Tallahatchie County,"4,304"
28137,MS,Tate County,"4,114"
28139,MS,Tippah County,"3,500"
28141,MS,Tishomingo County,"3,242"
28143,MS,Tunica County,"2,666"
28145,MS,Union County,"3,694"
28147,MS,Walthall County,"3,063"
28149,MS,Warren County,"9,016"
28151,MS,Washington County,"14,550"
28153,MS,Wayne County,"4,447"
28155,MS,Webster County,"1,631"
28157,MS,Wilkinson County,"2,340"
28159,MS,Winston County,"4,441"
28161,MS,Yalobusha County,"2,906"
28163,MS,Yazoo County,"8,253"
29001,MO,Adair County,"4,308"
29003,MO,Andrew County,"1,559"
29005,MO,Atchison County,648
29007,MO,Audrain County,"3,797"
29009,MO,Barry County,"6,569"
29011,MO,Barton County,"1,737"
29013,MO,Bates County,"2,674"
29015,MO,Benton County,"3,208"
29017,MO,Bollinger County,"1,734"
29019,MO,Boone County,"29,399"
29021,MO,Buchanan County,"13,094"
29023,MO,Butler County,"9,362"
29025,MO,Caldwell County,"1,197"
29027,MO,Callaway County,"4,735"
29029,MO,Camden County,"6,149"
29031,MO,Cape Girardeau County,"10,909"
29033,MO,Carroll County,"1,183"
29035,MO,Carter County,"1,176"
29037,MO,Cass County,"8,226"
29039,MO,Cedar County,"2,529"
29041,MO,Chariton County,901
29043,MO,Christian County,"9,091"
29045,MO,Clark County,943
29047,MO,Clay County,"22,470"
29049,MO,Clinton County,"1,968"
29051,MO,Cole County,"7,628"
29053,MO,Cooper County,"1,896"
29055,MO,Crawford County,"3,656"
29057,MO,Dade County,"1,180"
29059,MO,Dallas County,"2,954"
29061,MO,Daviess County,"1,425"
29063,MO,DeKalb County,"1,329"
29065,MO,Dent County,"2,917"
29067,MO,Douglas County,"2,434"
29069,MO,Dunklin County,"7,569"
29071,MO,Franklin County,"9,546"
29073,MO,Gasconade County,"1,671"
29075,MO,Gentry County,740
29077,MO,Greene County,"40,634"
29079,MO,Grundy County,"1,774"
29081,MO,Harrison County,"1,266"
29083,MO,Henry County,"3,729"
29085,MO,Hickory County,"1,712"
29087,MO,Holt County,508
29089,MO,Howard County,"1,205"
29091,MO,Howell County,"8,213"
29093,MO,Iron County,"2,046"
29095,MO,Jackson County,"94,823"
29097,MO,Jasper County,"22,258"
29099,MO,Jefferson County,"18,767"
29101,MO,Johnson County,"5,724"
29103,MO,Knox County,645
29105,MO,Laclede County,"5,544"
29107,MO,Lafayette County,"3,430"
29109,MO,Lawrence County,"6,046"
29111,MO,Lewis County,"1,503"
29113,MO,Lincoln County,"5,456"
29115,MO,Linn County,"2,207"
29117,MO,Livingston County,"1,984"
29119,MO,McDonald County,"4,173"
29121,MO,Macon County,"1,842"
29123,MO,Madison County,"1,982"
29125,MO,Maries County,"1,229"
29127,MO,Marion County,"3,776"
29129,MO,Mercer County,453
29131,MO,Miller County,"3,818"
29133,MO,Mississippi County,"3,130"
29135,MO,Moniteau County,"1,617"
29137,MO,Monroe County,"1,143"
29139,MO,Montgomery County,"1,482"
29141,MO,Morgan County,"3,594"
29143,MO,New Madrid County,"3,758"
29145,MO,Newton County,"7,511"
29147,MO,Nodaway County,"3,302"
29149,MO,Oregon County,"2,132"
29151,MO,Osage County,"1,199"
29153,MO,Ozark County,"2,056"
29155,MO,Pemiscot County,"4,178"
29157,MO,Perry County,"1,710"
29159,MO,Pettis County,"5,349"
29161,MO,Phelps County,"7,069"
29163,MO,Pike County,"2,802"
29165,MO,Platte County,"5,451"
29167,MO,Polk County,"6,005"
29169,MO,Pulaski County,"6,185"
29171,MO,Putnam County,725
29173,MO,Ralls County,"1,026"
29175,MO,Randolph County,"3,710"
29177,MO,Ray County,"2,076"
29179,MO,Reynolds County,"1,333"
29181,MO,Ripley County,"2,581"
29183,MO,St. Charles County,"18,379"
29185,MO,St. Clair County,"1,771"
29186,MO,Ste. Genevieve County,"1,698"
29187,MO,St. Francois County,"10,201"
29189,MO,St. Louis County,"90,474"
29195,MO,Saline County,"3,357"
29197,MO,Schuyler County,953
29199,MO,Scotland County,688
29201,MO,Scott County,"6,730"
29203,MO,Shannon County,"1,827"
29205,MO,Shelby County,906
29207,MO,Stoddard County,"5,249"
29209,MO,Stone County,"4,873"
29211,MO,Sullivan County,935
29213,MO,Taney County,"6,818"
29215,MO,Texas County,"4,923"
29217,MO,Vernon County,"3,367"
29219,MO,Warren County,"3,521"
29221,MO,Washington County,"5,269"
29223,MO,Wayne County,"2,620"
29225,MO,Webster County,"6,236"
29227,MO,Worth County,292
29229,MO,Wright County,"3,534"
29510,MO,St. Louis city,"59,238"
30001,MT,Beaverhead County,"1,302"
30003,MT,Big Horn County,"3,430"
30005,MT,Blaine County,"1,401"
30007,MT,Broadwater County,556
30009,MT,Carbon County,"1,078"
30011,MT,Carter County,175
30013,MT,Cascade County,"11,259"
30015,MT,Chouteau County,857
30017,MT,Custer County,"1,427"
30019,MT,Daniels County,180
30021,MT,Dawson County,955
30023,MT,Deer Lodge County,"1,350"
30025,MT,Fallon County,272
30027,MT,Fergus County,"1,418"
30029,MT,Flathead County,"9,689"
30031,MT,Gallatin County,"11,486"
30033,MT,Garfield County,206
30035,MT,Glacier County,"3,449"
30037,MT,Golden Valley County,155
30039,MT,Granite County,417
30041,MT,Hill County,"2,517"
30043,MT,Jefferson County,967
30045,MT,Judith Basin County,290
30047,MT,Lake County,"5,181"
30049,MT,Lewis and Clark County,"6,393"
30051,MT,Liberty County,425
30053,MT,Lincoln County,"3,440"
30055,MT,McCone County,238
30057,MT,Madison County,823
30059,MT,Meagher County,282
30061,MT,Mineral County,681
30063,MT,Missoula County,"13,748"
30065,MT,Musselshell County,758
30067,MT,Park County,"1,940"
30069,MT,Petroleum County,72
30071,MT,Phillips County,557
30073,MT,Pondera County,995
30075,MT,Powder River County,227
30077,MT,Powell County,846
30079,MT,Prairie County,138
30081,MT,Ravalli County,"4,859"
30083,MT,Richland County,945
30085,MT,Roosevelt County,"2,617"
30087,MT,Rosebud County,"1,437"
30089,MT,Sanders County,"1,994"
30091,MT,Sheridan County,399
30093,MT,Silver Bow County,"5,175"
30095,MT,Stillwater County,887
30097,MT,Sweet Grass County,380
30099,MT,Teton County,799
30101,MT,Toole County,650
30103,MT,Treasure County,85
30105,MT,Valley County,932
30107,MT,Wheatland County,377
30109,MT,Wibaux County,106
30111,MT,Yellowstone County,"17,752"
31001,NE,Adams County,"3,181"
31003,NE,Antelope County,761
31005,NE,Arthur County,63
31007,NE,Banner County,84
31009,NE,Blaine County,74
31011,NE,Boone County,509
31013,NE,Box Butte County,"1,096"
31015,NE,Boyd County,263
31017,NE,Brown County,337
31019,NE,Buffalo County,"5,480"
31021,NE,Burt County,636
31023,NE,Butler County,644
31025,NE,Cass County,"1,361"
31027,NE,Cedar County,707
31029,NE,Chase County,348
31031,NE,Cherry County,601
31033,NE,Cheyenne County,884
31035,NE,Clay County,647
31037,NE,Colfax County,868
31039,NE,Cuming County,774
31041,NE,Custer County,"1,252"
31043,NE,Dakota County,"2,083"
31045,NE,Dawes County,"1,280"
31047,NE,Dawson County,"2,762"
31049,NE,Deuel County,201
31051,NE,Dixon County,480
31053,NE,Dodge County,"3,349"
31055,NE,Douglas County,"57,105"
31057,NE,Dundy County,223
31059,NE,Fillmore County,448
31061,NE,Franklin County,421
31063,NE,Frontier County,321
31065,NE,Furnas County,557
31067,NE,Gage County,"2,363"
31069,NE,Garden County,272
31071,NE,Garfield County,231
31073,NE,Gosper County,172
31075,NE,Grant County,60
31077,NE,Greeley County,286
31079,NE,Hall County,"6,123"
31081,NE,Hamilton County,593
31083,NE,Harlan County,366
31085,NE,Hayes County,138
31087,NE,Hitchcock County,309
31089,NE,Holt County,"1,098"
31091,NE,Hooker County,54
31093,NE,Howard County,641
31095,NE,Jefferson County,655
31097,NE,Johnson County,448
31099,NE,Kearney County,488
31101,NE,Keith County,885
31103,NE,Keya Paha County,152
31105,NE,Kimball County,433
31107,NE,Knox County,986
31109,NE,Lancaster County,"32,535"
31111,NE,Lincoln County,"3,682"
31113,NE,Logan County,66
31115,NE,Loup County,100
31117,NE,McPherson County,62
31119,NE,Madison County,"3,446"
31121,NE,Merrick County,832
31123,NE,Morrill County,598
31125,NE,Nance County,351
31127,NE,Nemaha County,768
31129,NE,Nuckolls County,458
31131,NE,Otoe County,"1,304"
31133,NE,Pawnee County,334
31135,NE,Perkins County,269
31137,NE,Phelps County,873
31139,NE,Pierce County,655
31141,NE,Platte County,"2,960"
31143,NE,Polk County,354
31145,NE,Red Willow County,"1,231"
31147,NE,Richardson County,946
31149,NE,Rock County,184
31151,NE,Saline County,"1,212"
31153,NE,Sarpy County,"10,930"
31155,NE,Saunders County,"1,462"
31157,NE,Scotts Bluff County,"4,494"
31159,NE,Seward County,"1,138"
31161,NE,Sheridan County,738
31163,NE,Sherman County,362
31165,NE,Sioux County,185
31167,NE,Stanton County,410
31169,NE,Thayer County,527
31171,NE,Thomas County,100
31173,NE,Thurston County,"1,769"
31175,NE,Valley County,425
31177,NE,Washington County,"1,386"
31179,NE,Wayne County,987
31181,NE,Webster County,414
31183,NE,Wheeler County,96
31185,NE,York County,"1,205"
32001,NV,Churchill County,"2,871"
32003,NV,Clark County,"296,767"
32005,NV,Douglas County,"3,930"
32007,NV,Elko County,"5,714"
32009,NV,Esmeralda County,120
32011,NV,Eureka County,201
32013,NV,Humboldt County,"1,829"
32015,NV,Lander County,602
32017,NV,Lincoln County,674
32019,NV,Lyon County,"5,831"
32021,NV,Mineral County,708
32023,NV,Nye County,"7,317"
32027,NV,Pershing County,864
32029,NV,Storey County,290
32031,NV,Washoe County,"49,598"
32033,NV,White Pine County,"1,126"
32510,NV,Carson City,"6,458"
33001,NH,Belknap County,"5,139"
33003,NH,Carroll County,"4,370"
33005,NH,Cheshire County,"6,977"
33007,NH,Coos County,"4,062"
33009,NH,Grafton County,"7,601"
33011,NH,Hillsborough County,"30,494"
33013,NH,Merrimack County,"9,194"
33015,NH,Rockingham County,"15,522"
33017,NH,Strafford County,"10,645"
33019,NH,Sullivan County,"4,305"
34001,NJ,Atlantic County,"29,057"
34003,NJ,Bergen County,"52,980"
34005,NJ,Burlington County,"24,961"
34007,NJ,Camden County,"53,641"
34009,NJ,Cape May County,"8,853"
34011,NJ,Cumberland County,"19,261"
34013,NJ,Essex County,"107,745"
34015,NJ,Gloucester County,"21,602"
34017,NJ,Hudson County,"90,976"
34019,NJ,Hunterdon County,"4,794"
34021,NJ,Mercer County,"41,600"
34023,NJ,Middlesex County,"68,514"
34025,NJ,Monmouth County,"37,725"
34027,NJ,Morris County,"25,678"
34029,NJ,Ocean County,"53,950"
34031,NJ,Passaic County,"65,342"
34033,NJ,Salem County,"7,000"
34035,NJ,Somerset County,"17,409"
34037,NJ,Sussex County,"7,180"
34039,NJ,Union County,"50,094"
34041,NJ,Warren County,"7,313"
35001,NM,Bernalillo County,"103,458"
35003,NM,Catron County,723
35005,NM,Chaves County,"11,376"
35006,NM,Cibola County,"6,137"
35007,NM,Colfax County,"1,961"
35009,NM,Curry County,"8,868"
35011,NM,DeBaca County,323
35013,NM,Dona Ana County,"50,726"
35015,NM,Eddy County,"6,474"
35017,NM,Grant County,"4,772"
35019,NM,Guadalupe County,874
35021,NM,Harding County,96
35023,NM,Hidalgo County,942
35025,NM,Lea County,"10,399"
35027,NM,Lincoln County,"2,657"
35028,NM,Los Alamos County,683
35029,NM,Luna County,"5,488"
35031,NM,McKinley County,"21,294"
35033,NM,Mora County,956
35035,NM,Otero County,"13,054"
35037,NM,Quay County,"1,781"
35039,NM,Rio Arriba County,"8,542"
35041,NM,Roosevelt County,"3,257"
35043,NM,Sandoval County,"14,627"
35045,NM,San Juan County,"24,358"
35047,NM,San Miguel County,"6,239"
35049,NM,Santa Fe County,"18,378"
35051,NM,Sierra County,"2,899"
35053,NM,Socorro County,"4,171"
35055,NM,Taos County,"5,922"
35057,NM,Torrance County,"3,198"
35059,NM,Union County,684
35061,NM,Valencia County,"13,210"
36001,NY,Albany County,"33,970"
36003,NY,Allegany County,"7,491"
36005,NY,Bronx County,"361,834"
36007,NY,Broome County,"31,962"
36009,NY,Cattaraugus County,"10,821"
36011,NY,Cayuga County,"10,058"
36013,NY,Chautauqua County,"19,896"
36015,NY,Chemung County,"11,221"
36017,NY,Chenango County,"6,368"
36019,NY,Clinton County,"10,950"
36021,NY,Columbia County,"5,883"
36023,NY,Cortland County,"7,542"
36025,NY,Delaware County,"5,290"
36027,NY,Dutchess County,"23,693"
36029,NY,Erie County,"118,386"
36031,NY,Essex County,"4,338"
36033,NY,Franklin County,"8,017"
36035,NY,Fulton County,"8,533"
36037,NY,Genesee County,"5,825"
36039,NY,Greene County,"5,589"
36041,NY,Hamilton County,433
36043,NY,Herkimer County,"8,235"
36045,NY,Jefferson County,"15,168"
36047,NY,Kings County,"446,923"
36049,NY,Lewis County,"3,208"
36051,NY,Livingston County,"7,916"
36053,NY,Madison County,"6,488"
36055,NY,Monroe County,"90,791"
36057,NY,Montgomery County,"7,652"
36059,NY,Nassau County,"74,435"
36061,NY,New York County,"222,672"
36063,NY,Niagara County,"25,407"
36065,NY,Oneida County,"31,586"
36067,NY,Onondaga County,"61,412"
36069,NY,Ontario County,"8,645"
36071,NY,Orange County,"46,013"
36073,NY,Orleans County,"5,020"
36075,NY,Oswego County,"17,530"
36077,NY,Otsego County,"8,809"
36079,NY,Putnam County,"5,016"
36081,NY,Queens County,"245,941"
36083,NY,Rensselaer County,"17,506"
36085,NY,Richmond County,"42,807"
36087,NY,Rockland County,"40,031"
36089,NY,St. Lawrence County,"18,348"
36091,NY,Saratoga County,"13,482"
36093,NY,Schenectady County,"18,363"
36095,NY,Schoharie County,"3,600"
36097,NY,Schuyler County,"2,763"
36099,NY,Seneca County,"4,302"
36101,NY,Steuben County,"14,089"
36103,NY,Suffolk County,"97,920"
36105,NY,Sullivan County,"11,745"
36107,NY,Tioga County,"4,485"
36109,NY,Tompkins County,"15,079"
36111,NY,Ulster County,"20,451"
36113,NY,Warren County,"6,399"
36115,NY,Washington County,"6,917"
36117,NY,Wayne County,"10,093"
36119,NY,Westchester County,"79,545"
36121,NY,Wyoming County,"3,598"
36123,NY,Yates County,"3,271"
37001,NC,Alamance County,"23,890"
37003,NC,Alexander County,"4,193"
37005,NC,Alleghany County,"1,862"
37007,NC,Anson County,"4,861"
37009,NC,Ashe County,"3,946"
37011,NC,Avery County,"2,481"
37013,NC,Beaufort County,"8,164"
37015,NC,Bertie County,"4,256"
37017,NC,Bladen County,"6,876"
37019,NC,Brunswick County,"14,423"
37021,NC,Buncombe County,"31,045"
37023,NC,Burke County,"16,123"
37025,NC,Cabarrus County,"16,932"
37027,NC,Caldwell County,"9,728"
37029,NC,Camden County,819
37031,NC,Carteret County,"7,102"
37033,NC,Caswell County,"3,438"
37035,NC,Catawba County,"20,898"
37037,NC,Chatham County,"6,400"
37039,NC,Cherokee County,"4,997"
37041,NC,Chowan County,"2,528"
37043,NC,Clay County,"1,554"
37045,NC,Cleveland County,"18,230"
37047,NC,Columbus County,"11,654"
37049,NC,Craven County,"13,385"
37051,NC,Cumberland County,"57,342"
37053,NC,Currituck County,"2,419"
37055,NC,Dare County,"3,284"
37057,NC,Davidson County,"25,099"
37059,NC,Davie County,"4,632"
37061,NC,Duplin County,"10,288"
37063,NC,Durham County,"43,009"
37065,NC,Edgecombe County,"10,625"
37067,NC,Forsyth County,"56,484"
37069,NC,Franklin County,"7,908"
37071,NC,Gaston County,"25,710"
37073,NC,Gates County,"1,680"
37075,NC,Graham County,"1,391"
37077,NC,Granville County,"8,313"
37079,NC,Greene County,"3,715"
37081,NC,Guilford County,"83,004"
37083,NC,Halifax County,"11,533"
37085,NC,Harnett County,"20,597"
37087,NC,Haywood County,"6,536"
37089,NC,Henderson County,"12,349"
37091,NC,Hertford County,"4,829"
37093,NC,Hoke County,"9,149"
37095,NC,Hyde County,853
37097,NC,Iredell County,"14,812"
37099,NC,Jackson County,"7,661"
37101,NC,Johnston County,"25,901"
37103,NC,Jones County,"1,747"
37105,NC,Lee County,"8,634"
37107,NC,Lenoir County,"12,750"
37109,NC,Lincoln County,"7,682"
37111,NC,McDowell County,"6,048"
37113,NC,Macon County,"5,093"
37115,NC,Madison County,"3,020"
37117,NC,Martin County,"4,589"
37119,NC,Mecklenburg County,"112,863"
37121,NC,Mitchell County,"2,180"
37123,NC,Montgomery County,"4,218"
37125,NC,Moore County,"11,254"
37127,NC,Nash County,"15,065"
37129,NC,New Hanover County,"29,519"
37131,NC,Northampton County,"4,042"
37133,NC,Onslow County,"22,029"
37135,NC,Orange County,"18,446"
37137,NC,Pamlico County,"1,899"
37139,NC,Pasquotank County,"5,386"
37141,NC,Pender County,"7,117"
37143,NC,Perquimans County,"2,007"
37145,NC,Person County,"5,998"
37147,NC,Pitt County,"33,512"
37149,NC,Polk County,"2,476"
37151,NC,Randolph County,"19,996"
37153,NC,Richmond County,"11,234"
37155,NC,Robeson County,"39,748"
37157,NC,Rockingham County,"16,504"
37159,NC,Rowan County,"19,063"
37161,NC,Rutherford County,"12,158"
37163,NC,Sampson County,"10,471"
37165,NC,Scotland County,"9,168"
37167,NC,Stanly County,"6,470"
37169,NC,Stokes County,"5,844"
37171,NC,Surry County,"11,338"
37173,NC,Swain County,"2,253"
37175,NC,Transylvania County,"4,388"
37177,NC,Tyrrell County,861
37179,NC,Union County,"17,281"
37181,NC,Vance County,"8,143"
37183,NC,Wake County,"87,375"
37185,NC,Warren County,"4,083"
37187,NC,Washington County,"2,438"
37189,NC,Watauga County,"10,793"
37191,NC,Wayne County,"22,456"
37193,NC,Wilkes County,"10,228"
37195,NC,Wilson County,"17,258"
37197,NC,Yadkin County,"5,189"
37199,NC,Yancey County,"2,537"
38001,ND,Adams County,232
38003,ND,Barnes County,977
38005,ND,Benson County,"1,578"
38007,ND,Billings County,90
38009,ND,Bottineau County,586
38011,ND,Bowman County,238
38013,ND,Burke County,185
38015,ND,Burleigh County,"6,304"
38017,ND,Cass County,"20,189"
38019,ND,Cavalier County,336
38021,ND,Dickey County,494
38023,ND,Divide County,239
38025,ND,Dunn County,428
38027,ND,Eddy County,222
38029,ND,Emmons County,434
38031,ND,Foster County,276
38033,ND,Golden Valley County,206
38035,ND,Grand Forks County,"8,769"
38037,ND,Grant County,337
38039,ND,Griggs County,207
38041,ND,Hettinger County,290
38043,ND,Kidder County,348
38045,ND,LaMoure County,485
38047,ND,Logan County,237
38049,ND,McHenry County,685
38051,ND,McIntosh County,335
38053,ND,McKenzie County,"1,107"
38055,ND,McLean County,876
38057,ND,Mercer County,624
38059,ND,Morton County,"2,416"
38061,ND,Mountrail County,"1,000"
38063,ND,Nelson County,315
38065,ND,Oliver County,207
38067,ND,Pembina County,583
38069,ND,Pierce County,434
38071,ND,Ramsey County,"1,361"
38073,ND,Ransom County,438
38075,ND,Renville County,202
38077,ND,Richland County,"1,904"
38079,ND,Rolette County,"3,632"
38081,ND,Sargent County,290
38083,ND,Sheridan County,219
38085,ND,Sioux County,"1,333"
38087,ND,Slope County,101
38089,ND,Stark County,"2,622"
38091,ND,Steele County,139
38093,ND,Stutsman County,"2,064"
38095,ND,Towner County,231
38097,ND,Traill County,618
38099,ND,Walsh County,"1,221"
38101,ND,Ward County,"5,859"
38103,ND,Wells County,464
38105,ND,Williams County,"2,366"
39001,OH,Adams County,"5,200"
39003,OH,Allen County,"12,452"
39005,OH,Ashland County,"6,407"
39007,OH,Ashtabula County,"17,508"
39009,OH,Athens County,"14,839"
39011,OH,Auglaize County,"3,297"
39013,OH,Belmont County,"7,355"
39015,OH,Brown County,"5,162"
39017,OH,Butler County,"43,439"
39019,OH,Carroll County,"2,992"
39021,OH,Champaign County,"2,941"
39023,OH,Clark County,"18,960"
39025,OH,Clermont County,"16,710"
39027,OH,Clinton County,"6,041"
39029,OH,Columbiana County,"12,955"
39031,OH,Coshocton County,"4,517"
39033,OH,Crawford County,"6,000"
39035,OH,Cuyahoga County,"195,758"
39037,OH,Darke County,"6,115"
39039,OH,Defiance County,"3,264"
39041,OH,Delaware County,"9,863"
39043,OH,Erie County,"8,414"
39045,OH,Fairfield County,"12,549"
39047,OH,Fayette County,"3,777"
39049,OH,Franklin County,"172,890"
39051,OH,Fulton County,"2,889"
39053,OH,Gallia County,"4,790"
39055,OH,Geauga County,"5,083"
39057,OH,Greene County,"15,932"
39059,OH,Guernsey County,"5,946"
39061,OH,Hamilton County,"116,077"
39063,OH,Hancock County,"6,877"
39065,OH,Hardin County,"4,078"
39067,OH,Harrison County,"2,133"
39069,OH,Henry County,"2,000"
39071,OH,Highland County,"6,643"
39073,OH,Hocking County,"4,177"
39075,OH,Holmes County,"3,952"
39077,OH,Huron County,"5,719"
39079,OH,Jackson County,"5,491"
39081,OH,Jefferson County,"10,733"
39083,OH,Knox County,"6,664"
39085,OH,Lake County,"18,914"
39087,OH,Lawrence County,"9,482"
39089,OH,Licking County,"16,038"
39091,OH,Logan County,"4,751"
39093,OH,Lorain County,"41,735"
39095,OH,Lucas County,"75,402"
39097,OH,Madison County,"3,808"
39099,OH,Mahoning County,"40,346"
39101,OH,Marion County,"8,736"
39103,OH,Medina County,"9,739"
39105,OH,Meigs County,"3,570"
39107,OH,Mercer County,"2,710"
39109,OH,Miami County,"9,324"
39111,OH,Monroe County,"1,881"
39113,OH,Montgomery County,"78,917"
39115,OH,Morgan County,"2,236"
39117,OH,Morrow County,"2,967"
39119,OH,Muskingum County,"12,866"
39121,OH,Noble County,"1,657"
39123,OH,Ottawa County,"3,215"
39125,OH,Paulding County,"1,816"
39127,OH,Perry County,"5,333"
39129,OH,Pickaway County,"6,177"
39131,OH,Pike County,"5,191"
39133,OH,Portage County,"18,371"
39135,OH,Preble County,"3,602"
39137,OH,Putnam County,"2,397"
39139,OH,Richland County,"15,313"
39141,OH,Ross County,"10,803"
39143,OH,Sandusky County,"5,489"
39145,OH,Scioto County,"15,739"
39147,OH,Seneca County,"6,338"
39149,OH,Shelby County,"4,374"
39151,OH,Stark County,"46,938"
39153,OH,Summit County,"75,226"
39155,OH,Trumbull County,"29,809"
39157,OH,Tuscarawas County,"10,162"
39159,OH,Union County,"3,033"
39161,OH,Van Wert County,"2,359"
39163,OH,Vinton County,"2,417"
39165,OH,Warren County,"10,308"
39167,OH,Washington County,"6,395"
39169,OH,Wayne County,"11,062"
39171,OH,Williams County,"3,324"
39173,OH,Wood County,"13,819"
39175,OH,Wyandot County,"1,609"
40001,OK,Adair County,"5,192"
40003,OK,Alfalfa County,735
40005,OK,Atoka County,"2,493"
40007,OK,Beaver County,557
40009,OK,Beckham County,"4,131"
40011,OK,Blaine County,"1,387"
40013,OK,Bryan County,"8,070"
40015,OK,Caddo County,"5,502"
40017,OK,Canadian County,"11,747"
40019,OK,Carter County,"6,760"
40021,OK,Cherokee County,"10,049"
40023,OK,Choctaw County,"3,247"
40025,OK,Cimarron County,379
40027,OK,Cleveland County,"31,942"
40029,OK,Coal County,978
40031,OK,Comanche County,"19,406"
40033,OK,Cotton County,"1,042"
40035,OK,Craig County,"2,434"
40037,OK,Creek County,"9,655"
40039,OK,Custer County,"4,327"
40041,OK,Delaware County,"7,437"
40043,OK,Dewey County,553
40045,OK,Ellis County,494
40047,OK,Garfield County,"7,520"
40049,OK,Garvin County,"4,267"
40051,OK,Grady County,"6,604"
40053,OK,Grant County,474
40055,OK,Greer County,"1,102"
40057,OK,Harmon County,604
40059,OK,Harper County,403
40061,OK,Haskell County,"2,525"
40063,OK,Hughes County,"2,511"
40065,OK,Jackson County,"4,113"
40067,OK,Jefferson County,"1,218"
40069,OK,Johnston County,"2,261"
40071,OK,Kay County,"6,812"
40073,OK,Kingfisher County,"1,389"
40075,OK,Kiowa County,"1,864"
40077,OK,Latimer County,"1,753"
40079,OK,Le Flore County,"9,848"
40081,OK,Lincoln County,"4,799"
40083,OK,Logan County,"5,729"
40085,OK,Love County,"1,356"
40087,OK,McClain County,"2,869"
40089,OK,McCurtain County,"7,079"
40091,OK,McIntosh County,"3,801"
40093,OK,Major County,"1,005"
40095,OK,Marshall County,"3,030"
40097,OK,Mayes County,"7,166"
40099,OK,Murray County,"2,049"
40101,OK,Muskogee County,"14,622"
40103,OK,Noble County,"1,346"
40105,OK,Nowata County,"1,484"
40107,OK,Okfuskee County,"3,010"
40109,OK,Oklahoma County,"116,741"
40111,OK,Okmulgee County,"6,916"
40113,OK,Osage County,"6,758"
40115,OK,Ottawa County,"5,569"
40117,OK,Pawnee County,"2,449"
40119,OK,Payne County,"16,969"
40121,OK,Pittsburg County,"8,136"
40123,OK,Pontotoc County,"5,087"
40125,OK,Pottawatomie County,"10,272"
40127,OK,Pushmataha County,"2,613"
40129,OK,Roger Mills County,478
40131,OK,Rogers County,"9,458"
40133,OK,Seminole County,"5,192"
40135,OK,Sequoyah County,"8,864"
40137,OK,Stephens County,"6,272"
40139,OK,Texas County,"2,844"
40141,OK,Tillman County,"1,420"
40143,OK,Tulsa County,"91,457"
40145,OK,Wagoner County,"6,639"
40147,OK,Washington County,"6,540"
40149,OK,Washita County,"1,343"
40151,OK,Woods County,"1,179"
40153,OK,Woodward County,"2,306"
41001,OR,Baker County,"2,139"
41003,OR,Benton County,"14,418"
41005,OR,Clackamas County,"29,818"
41007,OR,Clatsop County,"4,779"
41009,OR,Columbia County,"4,444"
41011,OR,Coos County,"9,867"
41013,OR,Crook County,"2,627"
41015,OR,Curry County,"3,054"
41017,OR,Deschutes County,"18,047"
41019,OR,Douglas County,"12,949"
41021,OR,Gilliam County,204
41023,OR,Grant County,"1,088"
41025,OR,Harney County,"1,031"
41027,OR,Hood River County,"1,943"
41029,OR,Jackson County,"29,613"
41031,OR,Jefferson County,"3,546"
41033,OR,Josephine County,"13,663"
41035,OR,Klamath County,"11,225"
41037,OR,Lake County,"1,259"
41039,OR,Lane County,"52,146"
41041,OR,Lincoln County,"7,208"
41043,OR,Linn County,"16,161"
41045,OR,Malheur County,"5,732"
41047,OR,Marion County,"41,154"
41049,OR,Morrow County,"1,465"
41051,OR,Multnomah County,"95,902"
41053,OR,Polk County,"7,949"
41055,OR,Sherman County,222
41057,OR,Tillamook County,"3,182"
41059,OR,Umatilla County,"10,260"
41061,OR,Union County,"3,513"
41063,OR,Wallowa County,875
41065,OR,Wasco County,"3,174"
41067,OR,Washington County,"48,575"
41069,OR,Wheeler County,231
41071,OR,Yamhill County,"10,838"
42001,PA,Adams County,"7,548"
42003,PA,Allegheny County,"127,238"
42005,PA,Armstrong County,"7,076"
42007,PA,Beaver County,"18,879"
42009,PA,Bedford County,"4,928"
42011,PA,Berks County,"41,916"
42013,PA,Blair County,"17,657"
42015,PA,Bradford County,"8,527"
42017,PA,Bucks County,"35,075"
42019,PA,Butler County,"14,280"
42021,PA,Cambria County,"18,583"
42023,PA,Cameron County,613
42025,PA,Carbon County,"6,198"
42027,PA,Centre County,"22,610"
42029,PA,Chester County,"30,184"
42031,PA,Clarion County,"5,162"
42033,PA,Clearfield County,"10,064"
42035,PA,Clinton County,"4,898"
42037,PA,Columbia County,"8,996"
42039,PA,Crawford County,"10,129"
42041,PA,Cumberland County,"17,269"
42043,PA,Dauphin County,"30,942"
42045,PA,Delaware County,"54,091"
42047,PA,Elk County,"2,902"
42049,PA,Erie County,"42,666"
42051,PA,Fayette County,"21,995"
42053,PA,Forest County,"1,196"
42055,PA,Franklin County,"12,313"
42057,PA,Fulton County,"1,749"
42059,PA,Greene County,"4,708"
42061,PA,Huntingdon County,"5,212"
42063,PA,Indiana County,"11,048"
42065,PA,Jefferson County,"6,962"
42067,PA,Juniata County,"2,538"
42069,PA,Lackawanna County,"28,812"
42071,PA,Lancaster County,"55,968"
42073,PA,Lawrence County,"10,271"
42075,PA,Lebanon County,"14,381"
42077,PA,Lehigh County,"41,397"
42079,PA,Luzerne County,"46,326"
42081,PA,Lycoming County,"14,642"
42083,PA,Mc Kean County,"5,487"
42085,PA,Mercer County,"13,469"
42087,PA,Mifflin County,"6,036"
42089,PA,Monroe County,"20,201"
42091,PA,Montgomery County,"48,819"
42093,PA,Montour County,"1,598"
42095,PA,Northampton County,"23,228"
42097,PA,Northumberland County,"11,561"
42099,PA,Perry County,"4,066"
42101,PA,Philadelphia County,"352,748"
42103,PA,Pike County,"5,054"
42105,PA,Potter County,"1,904"
42107,PA,Schuylkill County,"15,767"
42109,PA,Snyder County,"3,881"
42111,PA,Somerset County,"8,552"
42113,PA,Sullivan County,762
42115,PA,Susquehanna County,"4,507"
42117,PA,Tioga County,"5,254"
42119,PA,Union County,"4,334"
42121,PA,Venango County,"6,213"
42123,PA,Warren County,"5,153"
42125,PA,Washington County,"19,860"
42127,PA,Wayne County,"5,867"
42129,PA,Westmoreland County,"35,870"
42131,PA,Wyoming County,"2,573"
42133,PA,York County,"40,477"
44001,RI,Bristol County,"3,110"
44003,RI,Kent County,"13,152"
44005,RI,Newport County,"6,666"
44007,RI,Providence County,"85,644"
44009,RI,Washington County,"9,524"
45001,SC,Abbeville County,"3,508"
45003,SC,Aiken County,"21,071"
45005,SC,Allendale County,"2,313"
45007,SC,Anderson County,"25,717"
45009,SC,Bamberg County,"3,226"
45011,SC,Barnwell County,"5,115"
45013,SC,Beaufort County,"18,979"
45015,SC,Berkeley County,"23,953"
45017,SC,Calhoun County,"2,613"
45019,SC,Charleston County,"46,853"
45021,SC,Cherokee County,"8,951"
45023,SC,Chester County,"5,651"
45025,SC,Chesterfield County,"8,937"
45027,SC,Clarendon County,"8,053"
45029,SC,Colleton County,"7,823"
45031,SC,Darlington County,"12,767"
45033,SC,Dillon County,"8,022"
45035,SC,Dorchester County,"14,871"
45037,SC,Edgefield County,"3,839"
45039,SC,Fairfield County,"4,198"
45041,SC,Florence County,"22,950"
45043,SC,Georgetown County,"10,842"
45045,SC,Greenville County,"54,815"
45047,SC,Greenwood County,"12,277"
45049,SC,Hampton County,"4,136"
45051,SC,Horry County,"44,197"
45053,SC,Jasper County,"4,941"
45055,SC,Kershaw County,"9,088"
45057,SC,Lancaster County,"11,258"
45059,SC,Laurens County,"12,447"
45061,SC,Lee County,"3,890"
45063,SC,Lexington County,"35,210"
45065,SC,McCormick County,"1,533"
45067,SC,Marion County,"7,562"
45069,SC,Marlboro County,"6,750"
45071,SC,Newberry County,"5,198"
45073,SC,Oconee County,"10,268"
45075,SC,Orangeburg County,"21,821"
45077,SC,Pickens County,"18,055"
45079,SC,Richland County,"62,567"
45081,SC,Saluda County,"3,247"
45083,SC,Spartanburg County,"40,129"
45085,SC,Sumter County,"18,444"
45087,SC,Union County,"5,347"
45089,SC,Williamsburg County,"8,148"
45091,SC,York County,"23,679"
46003,SD,Aurora County,271
46005,SD,Beadle County,"2,317"
46007,SD,Bennett County,"1,051"
46009,SD,Bon Homme County,767
46011,SD,Brookings County,"3,767"
46013,SD,Brown County,"3,526"
46015,SD,Brule County,654
46017,SD,Buffalo County,775
46019,SD,Butte County,"1,326"
46021,SD,Campbell County,143
46023,SD,Charles Mix County,"1,873"
46025,SD,Clark County,421
46027,SD,Clay County,"2,264"
46029,SD,Codington County,"2,691"
46031,SD,Corson County,"1,640"
46033,SD,Custer County,834
46035,SD,Davison County,"2,227"
46037,SD,Day County,698
46039,SD,Deuel County,372
46041,SD,Dewey County,"1,615"
46043,SD,Douglas County,312
46045,SD,Edmunds County,388
46047,SD,Fall River County,901
46049,SD,Faulk County,329
46051,SD,Grant County,640
46053,SD,Gregory County,637
46055,SD,Haakon County,212
46057,SD,Hamlin County,531
46059,SD,Hand County,322
46061,SD,Hanson County,260
46063,SD,Harding County,151
46065,SD,Hughes County,"1,491"
46067,SD,Hutchinson County,708
46069,SD,Hyde County,145
46071,SD,Jackson County,988
46073,SD,Jerauld County,310
46075,SD,Jones County,116
46077,SD,Kingsbury County,409
46079,SD,Lake County,"1,150"
46081,SD,Lawrence County,"3,105"
46083,SD,Lincoln County,"2,312"
46085,SD,Lyman County,786
46087,SD,McCook County,493
46089,SD,McPherson County,428
46091,SD,Marshall County,557
46093,SD,Meade County,"2,400"
46095,SD,Mellette County,668
46097,SD,Miner County,227
46099,SD,Minnehaha County,"16,209"
46101,SD,Moody County,564
46102,SD,Oglala Lakota County,"5,653"
46103,SD,Pennington County,"13,383"
46105,SD,Perkins County,409
46107,SD,Potter County,217
46109,SD,Roberts County,"1,993"
46111,SD,Sanborn County,282
46115,SD,Spink County,698
46117,SD,Stanley County,238
46119,SD,Sully County,114
46121,SD,Todd County,"4,388"
46123,SD,Tripp County,995
46125,SD,Turner County,827
46127,SD,Union County,999
46129,SD,Walworth County,796
46135,SD,Yankton County,"2,088"
46137,SD,Ziebach County,"1,310"
47001,TN,Anderson County,"11,559"
47003,TN,Bedford County,"6,825"
47005,TN,Benton County,"2,792"
47007,TN,Bledsoe County,"3,366"
47009,TN,Blount County,"13,649"
47011,TN,Bradley County,"15,228"
47013,TN,Campbell County,"8,565"
47015,TN,Cannon County,"1,875"
47017,TN,Carroll County,"4,456"
47019,TN,Carter County,"10,664"
47021,TN,Cheatham County,"3,849"
47023,TN,Chester County,"2,374"
47025,TN,Claiborne County,"6,021"
47027,TN,Clay County,"1,514"
47029,TN,Cocke County,"8,117"
47031,TN,Coffee County,"8,000"
47033,TN,Crockett County,"2,213"
47035,TN,Cumberland County,"7,929"
47037,TN,Davidson County,"84,547"
47039,TN,Decatur County,"1,827"
47041,TN,DeKalb County,"3,624"
47043,TN,Dickson County,"5,353"
47045,TN,Dyer County,"6,298"
47047,TN,Fayette County,"4,527"
47049,TN,Fentress County,"3,799"
47051,TN,Franklin County,"5,557"
47053,TN,Gibson County,"6,834"
47055,TN,Giles County,"3,834"
47057,TN,Grainger County,"3,939"
47059,TN,Greene County,"10,706"
47061,TN,Grundy County,"2,810"
47063,TN,Hamblen County,"9,165"
47065,TN,Hamilton County,"45,523"
47067,TN,Hancock County,"1,701"
47069,TN,Hardeman County,"4,070"
47071,TN,Hardin County,"4,413"
47073,TN,Hawkins County,"10,113"
47075,TN,Haywood County,"3,524"
47077,TN,Henderson County,"4,370"
47079,TN,Henry County,"5,795"
47081,TN,Hickman County,"3,830"
47083,TN,Houston County,"1,427"
47085,TN,Humphreys County,"2,388"
47087,TN,Jackson County,"1,977"
47089,TN,Jefferson County,"6,622"
47091,TN,Johnson County,"4,045"
47093,TN,Knox County,"61,334"
47095,TN,Lake County,"1,705"
47097,TN,Lauderdale County,"4,503"
47099,TN,Lawrence County,"7,250"
47101,TN,Lewis County,"1,827"
47103,TN,Lincoln County,"4,343"
47105,TN,Loudon County,"5,182"
47107,TN,McMinn County,"7,620"
47109,TN,McNairy County,"4,287"
47111,TN,Macon County,"3,733"
47113,TN,Madison County,"16,421"
47115,TN,Marion County,"4,374"
47117,TN,Marshall County,"4,431"
47119,TN,Maury County,"8,059"
47121,TN,Meigs County,"1,972"
47123,TN,Monroe County,"7,571"
47125,TN,Montgomery County,"24,633"
47127,TN,Moore County,638
47129,TN,Morgan County,"4,185"
47131,TN,Obion County,"4,317"
47133,TN,Overton County,"3,744"
47135,TN,Perry County,"1,143"
47137,TN,Pickett County,881
47139,TN,Polk County,"2,518"
47141,TN,Putnam County,"12,434"
47143,TN,Rhea County,"4,953"
47145,TN,Roane County,"7,687"
47147,TN,Robertson County,"7,424"
47149,TN,Rutherford County,"32,610"
47151,TN,Scott County,"4,770"
47153,TN,Sequatchie County,"2,569"
47155,TN,Sevier County,"12,541"
47157,TN,Shelby County,"157,667"
47159,TN,Smith County,"3,042"
47161,TN,Stewart County,"1,740"
47163,TN,Sullivan County,"23,452"
47165,TN,Sumner County,"16,330"
47167,TN,Tipton County,"6,316"
47169,TN,Trousdale County,"1,367"
47171,TN,Unicoi County,"2,762"
47173,TN,Union County,"3,601"
47175,TN,Van Buren County,887
47177,TN,Warren County,"6,449"
47179,TN,Washington County,"19,811"
47181,TN,Wayne County,"2,495"
47183,TN,Weakley County,"5,604"
47185,TN,White County,"4,289"
47187,TN,Williamson County,"10,228"
47189,TN,Wilson County,"10,536"
48001,TX,Anderson County,"8,702"
48003,TX,Andrews County,"1,888"
48005,TX,Angelina County,"13,131"
48007,TX,Aransas County,"4,313"
48009,TX,Archer County,877
48011,TX,Armstrong County,194
48013,TX,Atascosa County,"7,434"
48015,TX,Austin County,"3,312"
48017,TX,Bailey County,"1,093"
48019,TX,Bandera County,"2,947"
48021,TX,Bastrop County,"12,091"
48023,TX,Baylor County,546
48025,TX,Bee County,"5,938"
48027,TX,Bell County,"48,565"
48029,TX,Bexar County,"298,018"
48031,TX,Blanco County,"1,022"
48033,TX,Borden County,69
48035,TX,Bosque County,"2,513"
48037,TX,Bowie County,"14,627"
48039,TX,Brazoria County,"31,116"
48041,TX,Brazos County,"42,898"
48043,TX,Brewster County,"1,198"
48045,TX,Briscoe County,232
48047,TX,Brooks County,"2,082"
48049,TX,Brown County,"4,965"
48051,TX,Burleson County,"2,506"
48053,TX,Burnet County,"4,943"
48055,TX,Caldwell County,"6,044"
48057,TX,Calhoun County,"3,088"
48059,TX,Callahan County,"1,675"
48061,TX,Cameron County,"106,976"
48063,TX,Camp County,"2,151"
48065,TX,Carson County,504
48067,TX,Cass County,"5,103"
48069,TX,Castro County,"1,138"
48071,TX,Chambers County,"3,761"
48073,TX,Cherokee County,"8,221"
48075,TX,Childress County,"1,217"
48077,TX,Clay County,"1,191"
48079,TX,Cochran County,545
48081,TX,Coke County,437
48083,TX,Coleman County,"1,429"
48085,TX,Collin County,"62,612"
48087,TX,Collingsworth County,566
48089,TX,Colorado County,"2,867"
48091,TX,Comal County,"10,407"
48093,TX,Comanche County,"1,818"
48095,TX,Concho County,404
48097,TX,Cooke County,"5,155"
48099,TX,Coryell County,"7,529"
48101,TX,Cottle County,264
48103,TX,Crane County,451
48105,TX,Crockett County,476
48107,TX,Crosby County,"1,247"
48109,TX,Culberson County,424
48111,TX,Dallam County,821
48113,TX,Dallas County,"363,567"
48115,TX,Dawson County,"2,338"
48117,TX,Deaf Smith County,"3,104"
48119,TX,Delta County,844
48121,TX,Denton County,"56,476"
48123,TX,DeWitt County,"3,135"
48125,TX,Dickens County,366
48127,TX,Dimmit County,"2,537"
48129,TX,Donley County,500
48131,TX,Duval County,"2,515"
48133,TX,Eastland County,"2,926"
48135,TX,Ector County,"19,781"
48137,TX,Edwards County,399
48139,TX,Ellis County,"15,932"
48141,TX,El Paso County,"154,504"
48143,TX,Erath County,"5,937"
48145,TX,Falls County,"3,314"
48147,TX,Fannin County,"4,287"
48149,TX,Fayette County,"2,710"
48151,TX,Fisher County,508
48153,TX,Floyd County,979
48155,TX,Foard County,190
48157,TX,Fort Bend County,"53,151"
48159,TX,Franklin County,"1,528"
48161,TX,Freestone County,"2,801"
48163,TX,Frio County,"4,664"
48165,TX,Gaines County,"2,820"
48167,TX,Galveston County,"38,181"
48169,TX,Garza County,"1,067"
48171,TX,Gillespie County,"2,271"
48173,TX,Glasscock County,111
48175,TX,Goliad County,"1,011"
48177,TX,Gonzales County,"3,325"
48179,TX,Gray County,"2,888"
48181,TX,Grayson County,"15,459"
48183,TX,Gregg County,"19,832"
48185,TX,Grimes County,"4,119"
48187,TX,Guadalupe County,"12,234"
48189,TX,Hale County,"5,483"
48191,TX,Hall County,739
48193,TX,Hamilton County,"1,185"
48195,TX,Hansford County,622
48197,TX,Hardeman County,750
48199,TX,Hardin County,"6,924"
48201,TX,Harris County,"701,075"
48203,TX,Harrison County,"11,600"
48205,TX,Hartley County,383
48207,TX,Haskell County,"1,061"
48209,TX,Hays County,"24,895"
48211,TX,Hemphill County,344
48213,TX,Henderson County,"14,246"
48215,TX,Hidalgo County,"231,032"
48217,TX,Hill County,"4,700"
48219,TX,Hockley County,"3,436"
48221,TX,Hood County,"5,581"
48223,TX,Hopkins County,"5,370"
48225,TX,Houston County,"4,230"
48227,TX,Howard County,"5,281"
48229,TX,Hudspeth County,"1,343"
48231,TX,Hunt County,"14,114"
48233,TX,Hutchinson County,"2,351"
48235,TX,Irion County,114
48237,TX,Jack County,"1,212"
48239,TX,Jackson County,"1,996"
48241,TX,Jasper County,"6,747"
48243,TX,Jeff Davis County,278
48245,TX,Jefferson County,"39,998"
48247,TX,Jim Hogg County,"1,181"
48249,TX,Jim Wells County,"8,385"
48251,TX,Johnson County,"19,035"
48253,TX,Jones County,"3,032"
48255,TX,Karnes County,"2,644"
48257,TX,Kaufman County,"13,108"
48259,TX,Kendall County,"3,468"
48261,TX,Kenedy County,57
48263,TX,Kent County,81
48265,TX,Kerr County,"6,310"
48267,TX,Kimble County,730
48269,TX,King County,30
48271,TX,Kinney County,629
48273,TX,Kleberg County,"6,804"
48275,TX,Knox County,679
48277,TX,Lamar County,"9,050"
48279,TX,Lamb County,"2,346"
48281,TX,Lampasas County,"2,627"
48283,TX,La Salle County,"1,561"
48285,TX,Lavaca County,"2,163"
48287,TX,Lee County,"1,791"
48289,TX,Leon County,"2,494"
48291,TX,Liberty County,"11,967"
48293,TX,Limestone County,"4,190"
48295,TX,Lipscomb County,395
48297,TX,Live Oak County,"1,825"
48299,TX,Llano County,"2,338"
48301,TX,Loving County,12
48303,TX,Lubbock County,"53,478"
48305,TX,Lynn County,944
48307,TX,McCulloch County,"1,379"
48309,TX,McLennan County,"44,574"
48311,TX,McMullen County,77
48313,TX,Madison County,"2,090"
48315,TX,Marion County,"2,070"
48317,TX,Martin County,695
48319,TX,Mason County,500
48321,TX,Matagorda County,"6,335"
48323,TX,Maverick County,"15,491"
48325,TX,Medina County,"5,997"
48327,TX,Menard County,435
48329,TX,Midland County,"17,401"
48331,TX,Milam County,"3,965"
48333,TX,Mills County,623
48335,TX,Mitchell County,"1,303"
48337,TX,Montague County,"2,517"
48339,TX,Montgomery County,"53,807"
48341,TX,Moore County,"2,463"
48343,TX,Morris County,"2,220"
48345,TX,Motley County,210
48347,TX,Nacogdoches County,"12,571"
48349,TX,Navarro County,"6,586"
48351,TX,Newton County,"2,933"
48353,TX,Nolan County,"2,496"
48355,TX,Nueces County,"58,465"
48357,TX,Ochiltree County,"1,115"
48359,TX,Oldham County,245
48361,TX,Orange County,"10,307"
48363,TX,Palo Pinto County,"4,960"
48365,TX,Panola County,"3,266"
48367,TX,Parker County,"11,524"
48369,TX,Parmer County,"1,123"
48371,TX,Pecos County,"2,562"
48373,TX,Polk County,"7,839"
48375,TX,Potter County,"22,514"
48377,TX,Presidio County,"1,286"
48379,TX,Rains County,"1,667"
48381,TX,Randall County,"12,178"
48383,TX,Reagan County,340
48385,TX,Real County,597
48387,TX,Red River County,"2,322"
48389,TX,Reeves County,"2,833"
48391,TX,Refugio County,"1,224"
48393,TX,Roberts County,63
48395,TX,Robertson County,"3,499"
48397,TX,Rockwall County,"4,991"
48399,TX,Runnels County,"1,729"
48401,TX,Rusk County,"7,426"
48403,TX,Sabine County,"1,834"
48405,TX,San Augustine County,"1,799"
48407,TX,San Jacinto County,"4,809"
48409,TX,San Patricio County,"9,507"
48411,TX,San Saba County,"1,104"
48413,TX,Schleicher County,417
48415,TX,Scurry County,"2,217"
48417,TX,Shackelford County,413
48419,TX,Shelby County,"5,346"
48421,TX,Sherman County,331
48423,TX,Smith County,"29,285"
48425,TX,Somervell County,842
48427,TX,Starr County,"20,741"
48429,TX,Stephens County,"1,477"
48431,TX,Sterling County,134
48433,TX,Stonewall County,199
48435,TX,Sutton County,494
48437,TX,Swisher County,"1,393"
48439,TX,Tarrant County,"211,454"
48441,TX,Taylor County,"18,724"
48443,TX,Terrell County,136
48445,TX,Terry County,"2,438"
48447,TX,Throckmorton County,209
48449,TX,Titus County,"5,246"
48451,TX,Tom Green County,"14,713"
48453,TX,Travis County,"134,983"
48455,TX,Trinity County,"2,597"
48457,TX,Tyler County,"3,380"
48459,TX,Upshur County,"6,124"
48461,TX,Upton County,495
48463,TX,Uvalde County,"5,174"
48465,TX,Val Verde County,"9,786"
48467,TX,Van Zandt County,"7,586"
48469,TX,Victoria County,"12,924"
48471,TX,Walker County,"11,810"
48473,TX,Waller County,"6,687"
48475,TX,Ward County,"1,462"
48477,TX,Washington County,"3,534"
48479,TX,Webb County,"57,053"
48481,TX,Wharton County,"6,711"
48483,TX,Wheeler County,579
48485,TX,Wichita County,"16,584"
48487,TX,Wilbarger County,"1,841"
48489,TX,Willacy County,"5,482"
48491,TX,Williamson County,"31,514"
48493,TX,Wilson County,"4,172"
48495,TX,Winkler County,983
48497,TX,Wise County,"5,745"
48499,TX,Wood County,"6,231"
48501,TX,Yoakum County,916
48503,TX,Young County,"2,405"
48505,TX,Zapata County,"4,243"
48507,TX,Zavala County,"3,374"
49001,UT,Beaver County,589
49003,UT,Box Elder County,"4,147"
49005,UT,Cache County,"16,243"
49007,UT,Carbon County,"3,255"
49009,UT,Daggett County,64
49011,UT,Davis County,"19,344"
49013,UT,Duchesne County,"2,787"
49015,UT,Emery County,"1,084"
49017,UT,Garfield County,460
49019,UT,Grand County,"1,174"
49021,UT,Iron County,"7,013"
49023,UT,Juab County,"1,070"
49025,UT,Kane County,717
49027,UT,Millard County,"1,542"
49029,UT,Morgan County,486
49031,UT,Piute County,227
49033,UT,Rich County,230
49035,UT,Salt Lake County,"103,036"
49037,UT,San Juan County,"3,295"
49039,UT,Sanpete County,"3,699"
49041,UT,Sevier County,"2,590"
49043,UT,Summit County,"1,968"
49045,UT,Tooele County,"3,829"
49047,UT,Uintah County,"3,920"
49049,UT,Utah County,"60,411"
49051,UT,Wasatch County,"1,699"
49053,UT,Washington County,"16,590"
49055,UT,Wayne County,319
49057,UT,Weber County,"17,647"
50001,VT,Addison County,"2,690"
50003,VT,Bennington County,"3,399"
50005,VT,Caledonia County,"3,561"
50007,VT,Chittenden County,"16,084"
50009,VT,Essex County,908
50011,VT,Franklin County,"4,699"
50013,VT,Grand Isle County,581
50015,VT,Lamoille County,"2,231"
50017,VT,Orange County,"2,652"
50019,VT,Orleans County,"3,333"
50021,VT,Rutland County,"6,033"
50023,VT,Washington County,"4,673"
50025,VT,Windham County,"4,776"
50027,VT,Windsor County,"5,005"
51001,VA,Accomack County,"5,225"
51003,VA,Albemarle County,"6,882"
51005,VA,Alleghany County,"1,680"
51007,VA,Amelia County,"1,211"
51009,VA,Amherst County,"3,645"
51011,VA,Appomattox County,"1,991"
51013,VA,Arlington County,"17,774"
51015,VA,Augusta County,"5,260"
51017,VA,Bath County,406
51019,VA,Bedford County,"6,766"
51021,VA,Bland County,749
51023,VA,Botetourt County,"1,895"
51025,VA,Brunswick County,"2,935"
51027,VA,Buchanan County,"4,332"
51029,VA,Buckingham County,"2,516"
51031,VA,Campbell County,"5,845"
51033,VA,Caroline County,"2,883"
51035,VA,Carroll County,"4,110"
51036,VA,Charles City County,870
51037,VA,Charlotte County,"2,257"
51041,VA,Chesterfield County,"22,943"
51043,VA,Clarke County,911
51045,VA,Craig County,572
51047,VA,Culpeper County,"4,709"
51049,VA,Cumberland County,"1,371"
51051,VA,Dickenson County,"3,330"
51053,VA,Dinwiddie County,"2,982"
51057,VA,Essex County,"1,747"
51059,VA,Fairfax County,"68,543"
51061,VA,Fauquier County,"4,310"
51063,VA,Floyd County,"1,783"
51065,VA,Fluvanna County,"1,883"
51067,VA,Franklin County,"6,315"
51069,VA,Frederick County,"5,731"
51071,VA,Giles County,"1,890"
51073,VA,Gloucester County,"3,194"
51075,VA,Goochland County,"1,420"
51077,VA,Grayson County,"2,719"
51079,VA,Greene County,"1,482"
51081,VA,Greensville County,"1,929"
51083,VA,Halifax County,"5,655"
51085,VA,Hanover County,"5,393"
51087,VA,Henrico County,"28,486"
51089,VA,Henry County,"7,277"
51091,VA,Highland County,271
51093,VA,Isle of Wight County,"3,351"
51095,VA,James City County,"4,366"
51097,VA,King and Queen County,820
51099,VA,King George County,"1,553"
51101,VA,King William County,"1,179"
51103,VA,Lancaster County,"1,383"
51105,VA,Lee County,"5,939"
51107,VA,Loudoun County,"12,909"
51109,VA,Louisa County,"3,559"
51111,VA,Lunenburg County,"2,140"
51113,VA,Madison County,"1,224"
51115,VA,Mathews County,766
51117,VA,Mecklenburg County,"5,137"
51119,VA,Middlesex County,"1,411"
51121,VA,Montgomery County,"18,158"
51125,VA,Nelson County,"1,748"
51127,VA,New Kent County,"1,131"
51131,VA,Northampton County,"2,077"
51133,VA,Northumberland County,"1,533"
51135,VA,Nottoway County,"2,789"
51137,VA,Orange County,"3,534"
51139,VA,Page County,"2,668"
51141,VA,Patrick County,"2,674"
51143,VA,Pittsylvania County,"8,960"
51145,VA,Powhatan County,"1,547"
51147,VA,Prince Edward County,"3,852"
51149,VA,Prince George County,"2,842"
51153,VA,Prince William County,"28,463"
51155,VA,Pulaski County,"4,796"
51157,VA,Rappahannock County,622
51159,VA,Richmond County,"1,303"
51161,VA,Roanoke County,"5,918"
51163,VA,Rockbridge County,"2,525"
51165,VA,Rockingham County,"6,482"
51167,VA,Russell County,"5,272"
51169,VA,Scott County,"3,069"
51171,VA,Shenandoah County,"4,421"
51173,VA,Smyth County,"4,849"
51175,VA,Southampton County,"2,132"
51177,VA,Spotsylvania County,"8,903"
51179,VA,Stafford County,"8,097"
51181,VA,Surry County,761
51183,VA,Sussex County,"1,851"
51185,VA,Tazewell County,"8,417"
51187,VA,Warren County,"3,803"
51191,VA,Washington County,"6,396"
51193,VA,Westmoreland County,"2,843"
51195,VA,Wise County,"7,039"
51197,VA,Wythe County,"3,645"
51199,VA,York County,"3,441"
51510,VA,Alexandria city,"13,593"
51520,VA,Bristol city,"3,604"
51530,VA,Buena Vista city,"1,024"
51540,VA,Charlottesville city,"9,965"
51550,VA,Chesapeake city,"19,812"
51570,VA,Colonial Heights city,"1,613"
51580,VA,Covington city,785
51590,VA,Danville city,"9,023"
51595,VA,Emporia city,"1,044"
51600,VA,Fairfax city,"1,667"
51610,VA,Falls Church city,512
51620,VA,Franklin city,"1,507"
51630,VA,Fredericksburg city,"4,463"
51640,VA,Galax city,"1,151"
51650,VA,Hampton city,"17,926"
51660,VA,Harrisonburg city,"11,299"
51670,VA,Hopewell city,"4,287"
51678,VA,Lexington city,"1,073"
51680,VA,Lynchburg city,"11,947"
51683,VA,Manassas city,"3,031"
51685,VA,Manassas Park city,"1,095"
51690,VA,Martinsville city,"2,377"
51700,VA,Newport News city,"25,769"
51710,VA,Norfolk city,"39,553"
51720,VA,Norton city,756
51730,VA,Petersburg city,"6,643"
51735,VA,Poquoson city,645
51740,VA,Portsmouth city,"16,860"
51750,VA,Radford city,"4,503"
51760,VA,Richmond city,"42,010"
51770,VA,Roanoke city,"19,049"
51775,VA,Salem city,"2,197"
51790,VA,Staunton city,"2,706"
51800,VA,Suffolk city,"8,906"
51810,VA,Virginia Beach city,"31,898"
51820,VA,Waynesboro city,"2,746"
51830,VA,Williamsburg city,"1,937"
51840,VA,Winchester city,"3,588"
53001,WA,Adams County,"3,309"
53003,WA,Asotin County,"3,092"
53005,WA,Benton County,"21,437"
53007,WA,Chelan County,"9,332"
53009,WA,Clallam County,"8,476"
53011,WA,Clark County,"44,548"
53013,WA,Columbia County,484
53015,WA,Cowlitz County,"13,729"
53017,WA,Douglas County,"4,724"
53019,WA,Ferry County,"1,354"
53021,WA,Franklin County,"12,409"
53023,WA,Garfield County,283
53025,WA,Grant County,"13,377"
53027,WA,Grays Harbor County,"9,422"
53029,WA,Island County,"6,037"
53031,WA,Jefferson County,"3,993"
53033,WA,King County,"171,116"
53035,WA,Kitsap County,"19,787"
53037,WA,Kittitas County,"6,326"
53039,WA,Klickitat County,"3,013"
53041,WA,Lewis County,"9,726"
53043,WA,Lincoln County,981
53045,WA,Mason County,"8,143"
53047,WA,Okanogan County,"6,828"
53049,WA,Pacific County,"2,996"
53051,WA,Pend Oreille County,"2,191"
53053,WA,Pierce County,"83,128"
53055,WA,San Juan County,"1,414"
53057,WA,Skagit County,"14,314"
53059,WA,Skamania County,"1,246"
53061,WA,Snohomish County,"56,935"
53063,WA,Spokane County,"65,750"
53065,WA,Stevens County,"6,738"
53067,WA,Thurston County,"26,105"
53069,WA,Wahkiakum County,477
53071,WA,Walla Walla County,"7,099"
53073,WA,Whatcom County,"28,310"
53075,WA,Whitman County,"11,367"
53077,WA,Yakima County,"41,218"
54001,WV,Barbour County,"2,848"
54003,WV,Berkeley County,"12,942"
54005,WV,Boone County,"4,017"
54007,WV,Braxton County,"2,477"
54009,WV,Brooke County,"2,551"
54011,WV,Cabell County,"16,337"
54013,WV,Calhoun County,"1,524"
54015,WV,Clay County,"1,891"
54017,WV,Doddridge County,"1,376"
54019,WV,Fayette County,"8,321"
54021,WV,Gilmer County,"1,536"
54023,WV,Grant County,"1,497"
54025,WV,Greenbrier County,"5,814"
54027,WV,Hampshire County,"3,311"
54029,WV,Hancock County,"3,559"
54031,WV,Hardy County,"1,929"
54033,WV,Harrison County,"7,353"
54035,WV,Jackson County,"4,716"
54037,WV,Jefferson County,"5,529"
54039,WV,Kanawha County,"28,499"
54041,WV,Lewis County,"3,039"
54043,WV,Lincoln County,"3,990"
54045,WV,Logan County,"6,827"
54047,WV,McDowell County,"5,894"
54049,WV,Marion County,"7,939"
54051,WV,Marshall County,"4,081"
54053,WV,Mason County,"3,994"
54055,WV,Mercer County,"10,768"
54057,WV,Mineral County,"3,266"
54059,WV,Mingo County,"6,329"
54061,WV,Monongalia County,"18,887"
54063,WV,Monroe County,"2,070"
54065,WV,Morgan County,"1,851"
54067,WV,Nicholas County,"4,558"
54069,WV,Ohio County,"5,504"
54071,WV,Pendleton County,927
54073,WV,Pleasants County,875
54075,WV,Pocahontas County,"1,270"
54077,WV,Preston County,"4,491"
54079,WV,Putnam County,"4,962"
54081,WV,Raleigh County,"12,090"
54083,WV,Randolph County,"4,403"
54085,WV,Ritchie County,"1,674"
54087,WV,Roane County,"2,628"
54089,WV,Summers County,"2,724"
54091,WV,Taylor County,"2,690"
54093,WV,Tucker County,"1,014"
54095,WV,Tyler County,"1,302"
54097,WV,Upshur County,"3,994"
54099,WV,Wayne County,"7,654"
54101,WV,Webster County,"1,744"
54103,WV,Wetzel County,"2,432"
54105,WV,Wirt County,"1,015"
54107,WV,Wood County,"11,627"
54109,WV,Wyoming County,"4,634"
55001,WI,Adams County,"2,231"
55003,WI,Ashland County,"2,655"
55005,WI,Barron County,"3,968"
55007,WI,Bayfield County,"1,533"
55009,WI,Brown County,"25,456"
55011,WI,Buffalo County,"1,227"
55013,WI,Burnett County,"1,926"
55015,WI,Calumet County,"2,701"
55017,WI,Chippewa County,"5,460"
55019,WI,Clark County,"4,605"
55021,WI,Columbia County,"3,776"
55023,WI,Crawford County,"1,789"
55025,WI,Dane County,"50,163"
55027,WI,Dodge County,"6,512"
55029,WI,Door County,"2,549"
55031,WI,Douglas County,"4,810"
55033,WI,Dunn County,"4,911"
55035,WI,Eau Claire County,"10,586"
55037,WI,Florence County,463
55039,WI,Fond du Lac County,"7,326"
55041,WI,Forest County,"1,443"
55043,WI,Grant County,"6,278"
55045,WI,Green County,"2,350"
55047,WI,Green Lake County,"2,181"
55049,WI,Iowa County,"2,240"
55051,WI,Iron County,709
55053,WI,Jackson County,"2,385"
55055,WI,Jefferson County,"5,824"
55057,WI,Juneau County,"3,391"
55059,WI,Kenosha County,"16,248"
55061,WI,Kewaunee County,"1,496"
55063,WI,La Crosse County,"13,280"
55065,WI,Lafayette County,"1,868"
55067,WI,Langlade County,"2,441"
55069,WI,Lincoln County,"2,455"
55071,WI,Manitowoc County,"6,899"
55073,WI,Marathon County,"11,026"
55075,WI,Marinette County,"4,548"
55077,WI,Marquette County,"1,535"
55078,WI,Menominee County,"1,139"
55079,WI,Milwaukee County,"156,647"
55081,WI,Monroe County,"4,936"
55083,WI,Oconto County,"3,506"
55085,WI,Oneida County,"3,117"
55087,WI,Outagamie County,"13,110"
55089,WI,Ozaukee County,"3,926"
55091,WI,Pepin County,643
55093,WI,Pierce County,"3,900"
55095,WI,Polk County,"3,723"
55097,WI,Portage County,"7,995"
55099,WI,Price County,"1,959"
55101,WI,Racine County,"23,688"
55103,WI,Richland County,"2,115"
55105,WI,Rock County,"19,755"
55107,WI,Rusk County,"1,714"
55109,WI,St. Croix County,"5,285"
55111,WI,Sauk County,"6,471"
55113,WI,Sawyer County,"2,063"
55115,WI,Shawano County,"3,851"
55117,WI,Sheboygan County,"9,051"
55119,WI,Taylor County,"1,942"
55121,WI,Trempealeau County,"2,598"
55123,WI,Vernon County,"4,297"
55125,WI,Vilas County,"2,460"
55127,WI,Walworth County,"9,532"
55129,WI,Washburn County,"1,990"
55131,WI,Washington County,"6,942"
55133,WI,Waukesha County,"18,915"
55135,WI,Waupaca County,"4,329"
55137,WI,Waushara County,"2,863"
55139,WI,Winnebago County,"15,965"
55141,WI,Wood County,"7,734"
56001,WY,Albany County,"5,861"
56003,WY,Big Horn County,"1,400"
56005,WY,Campbell County,"3,506"
56007,WY,Carbon County,"1,638"
56009,WY,Converse County,"1,256"
56011,WY,Crook County,604
56013,WY,Fremont County,"4,937"
56015,WY,Goshen County,"1,557"
56017,WY,Hot Springs County,472
56019,WY,Johnson County,751
56021,WY,Laramie County,"9,194"
56023,WY,Lincoln County,"1,381"
56025,WY,Natrona County,"7,735"
56027,WY,Niobrara County,316
56029,WY,Park County,"2,936"
56031,WY,Platte County,949
56033,WY,Sheridan County,"2,500"
56035,WY,Sublette County,701
56037,WY,Sweetwater County,"3,453"
56039,WY,Teton County,"1,396"
56041,WY,Uinta County,"1,699"
56043,WY,Washakie County,845
56045,WY,Weston County,692
